{"model":{"version":3,"nodes":[{"name":"RootNode","position":[0,0,0],"rotation":[0,0,0],"scale":[0.0254,0.0254,0.0254],"scaleCompensation":false},{"name":"Cylinder004","position":[1.74893,-0.380817,2.26408],"rotation":[9.33467e-06,-0.993649,-6.08495e-17],"scale":[0.416168,0.416168,0.416168],"scaleCompensation":false}],"parents":[-1,0],"skins":[],"morphs":[],"vertices":[{"position":{"type":"float32","components":3,"data":[92.4778,5.72205e-06,33.454,37.0195,-0.0327873,33.454,86.9007,-31.6293,33.454,34.787,-12.6942,33.454,70.8421,-59.4436,33.454,28.3586,-23.8285,33.454,46.2389,-80.0881,33.454,18.5098,-32.0927,33.454,16.0586,-91.0728,33.454,6.42837,-36.4899,33.454,-6.42838,-36.4899,33.454,-16.0586,-91.0728,33.454,-18.5098,-32.0927,33.454,-46.2389,-80.0881,33.454,-28.3586,-23.8285,33.454,-70.8421,-59.4436,33.454,-34.787,-12.6942,33.454,-86.9007,-31.6293,33.454,-37.0195,-0.032793,33.454,-92.4778,-9.53674e-06,33.454,-92.4778,120.4,33.4539,-92.4778,-9.53674e-06,33.454,-37.0195,120.367,33.4539,-37.0195,-0.032793,33.454,37.0195,122.062,33.4539,92.4778,5.72205e-06,33.454,92.4778,122.095,33.4539,37.0195,-0.0327873,33.454,37.0195,-0.0327873,33.454,37.0195,-0.032793,0,34.787,-12.6942,33.454,34.787,-12.6942,0,34.787,-12.6942,33.454,34.787,-12.6942,0,28.3586,-23.8285,33.454,28.3586,-23.8285,0,28.3586,-23.8285,33.454,28.3586,-23.8285,0,18.5098,-32.0927,33.454,18.5098,-32.0927,0,18.5098,-32.0927,33.454,18.5098,-32.0927,0,6.42837,-36.4899,33.454,6.42837,-36.4899,0,6.42837,-36.4899,33.454,6.42837,-36.4899,0,-6.42838,-36.4899,33.454,-6.42838,-36.4899,0,-6.42838,-36.4899,33.454,-6.42838,-36.4899,0,-18.5098,-32.0927,33.454,-18.5098,-32.0927,0,-18.5098,-32.0927,33.454,-18.5098,-32.0927,0,-28.3586,-23.8285,33.454,-28.3586,-23.8285,0,-28.3586,-23.8285,33.454,-34.787,-12.6942,0,-34.787,-12.6942,33.454,-28.3586,-23.8285,0,-34.787,-12.6942,33.454,-37.0195,-0.0327988,0,-37.0195,-0.032793,33.454,-34.787,-12.6942,0,-37.0195,-0.032793,33.454,-37.0195,120.367,0,-37.0195,120.367,33.4539,-37.0195,-0.0327988,0,-92.4778,120.4,33.4539,-37.0195,120.367,33.4539,-37.0195,120.367,0,-92.4778,120.4,0,-92.4778,-9.53674e-06,33.454,-92.4778,120.4,33.4539,-92.4778,120.4,0,-92.4778,-1.39638e-05,0,-86.9007,-31.6293,33.454,-92.4778,-9.53674e-06,33.454,-92.4778,-1.39638e-05,0,-86.9007,-31.6293,0,-70.8421,-59.4436,33.454,-86.9007,-31.6293,33.454,-86.9007,-31.6293,0,-70.8421,-59.4436,0,-70.8421,-59.4436,33.454,-46.2389,-80.0881,0,-46.2389,-80.0881,33.454,-70.8421,-59.4436,0,-16.0586,-91.0728,33.454,-46.2389,-80.0881,33.454,-46.2389,-80.0881,0,-16.0586,-91.0728,0,16.0586,-91.0728,33.454,-16.0586,-91.0728,33.454,-16.0586,-91.0728,0,16.0586,-91.0728,0,46.2389,-80.0881,33.454,16.0586,-91.0728,33.454,16.0586,-91.0728,0,46.2389,-80.0881,0,46.2389,-80.0881,33.454,70.8421,-59.4436,0,70.8421,-59.4436,33.454,46.2389,-80.0881,0,70.8421,-59.4436,33.454,86.9007,-31.6293,0,86.9007,-31.6293,33.454,70.8421,-59.4436,0,86.9007,-31.6293,33.454,92.4778,0,0,92.4778,5.72205e-06,33.454,86.9007,-31.6293,0,92.4778,5.72205e-06,33.454,92.4778,122.095,0,92.4778,122.095,33.4539,92.4778,0,0,37.0195,122.062,33.4539,92.4778,122.095,33.4539,92.4778,122.095,0,37.0195,122.062,0,37.0195,-0.0327873,33.454,37.0195,122.062,33.4539,37.0195,122.062,0,37.0195,-0.032793,0,86.9007,-31.6293,-33.454,34.787,-12.6942,-33.454,37.0195,-0.0327873,-33.454,92.4778,5.72205e-06,-33.454,70.8421,-59.4436,-33.454,28.3586,-23.8285,-33.454,46.2389,-80.0881,-33.454,18.5098,-32.0927,-33.454,16.0586,-91.0728,-33.454,6.42837,-36.4899,-33.454,-6.42838,-36.4899,-33.454,-16.0586,-91.0728,-33.454,-18.5098,-32.0927,-33.454,-46.2389,-80.0881,-33.454,-28.3586,-23.8285,-33.454,-70.8421,-59.4436,-33.454,-34.787,-12.6942,-33.454,-86.9007,-31.6293,-33.454,-37.0195,-0.032793,-33.454,-92.4778,-9.53674e-06,-33.454,-37.0195,120.367,-33.4539,-37.0195,-0.032793,-33.454,-92.4778,-9.53674e-06,-33.454,-92.4778,120.4,-33.4539,92.4778,5.72205e-06,-33.454,37.0195,122.062,-33.4539,92.4778,122.095,-33.4539,37.0195,-0.0327873,-33.454,34.787,-12.6942,-33.454,34.787,-12.6942,0,37.0195,-0.032793,0,37.0195,-0.0327873,-33.454,28.3586,-23.8285,-33.454,28.3586,-23.8285,0,34.787,-12.6942,0,34.787,-12.6942,-33.454,18.5098,-32.0927,-33.454,18.5098,-32.0927,0,28.3586,-23.8285,0,28.3586,-23.8285,-33.454,6.42837,-36.4899,-33.454,6.42837,-36.4899,0,18.5098,-32.0927,0,18.5098,-32.0927,-33.454,-6.42838,-36.4899,-33.454,-6.42838,-36.4899,0,6.42837,-36.4899,0,6.42837,-36.4899,-33.454,-18.5098,-32.0927,-33.454,-18.5098,-32.0927,0,-6.42838,-36.4899,0,-6.42838,-36.4899,-33.454,-28.3586,-23.8285,-33.454,-28.3586,-23.8285,0,-18.5098,-32.0927,0,-18.5098,-32.0927,-33.454,-34.787,-12.6942,0,-28.3586,-23.8285,-33.454,-34.787,-12.6942,-33.454,-28.3586,-23.8285,0,-37.0195,-0.0327988,0,-34.787,-12.6942,-33.454,-37.0195,-0.032793,-33.454,-34.787,-12.6942,0,-37.0195,-0.032793,-33.454,-37.0195,120.367,0,-37.0195,120.367,-33.4539,-92.4778,120.4,0,-37.0195,120.367,0,-92.4778,120.4,-33.4539,-37.0195,120.367,-33.4539,-92.4778,120.4,-33.4539,-92.4778,-9.53674e-06,-33.454,-86.9007,-31.6293,0,-92.4778,-1.39638e-05,0,-86.9007,-31.6293,-33.454,-92.4778,-9.53674e-06,-33.454,-70.8421,-59.4436,0,-86.9007,-31.6293,0,-70.8421,-59.4436,-33.454,-86.9007,-31.6293,-33.454,-46.2389,-80.0881,0,-70.8421,-59.4436,-33.454,-46.2389,-80.0881,-33.454,-70.8421,-59.4436,0,-16.0586,-91.0728,0,-46.2389,-80.0881,0,-16.0586,-91.0728,-33.454,-46.2389,-80.0881,-33.454,16.0586,-91.0728,0,-16.0586,-91.0728,0,16.0586,-91.0728,-33.454,-16.0586,-91.0728,-33.454,46.2389,-80.0881,0,16.0586,-91.0728,0,46.2389,-80.0881,-33.454,16.0586,-91.0728,-33.454,70.8421,-59.4436,0,46.2389,-80.0881,-33.454,70.8421,-59.4436,-33.454,46.2389,-80.0881,0,86.9007,-31.6293,0,70.8421,-59.4436,-33.454,86.9007,-31.6293,-33.454,70.8421,-59.4436,0,92.4778,0,0,86.9007,-31.6293,-33.454,92.4778,5.72205e-06,-33.454,86.9007,-31.6293,0,92.4778,5.72205e-06,-33.454,92.4778,122.095,-33.4539,37.0195,122.062,-33.4539,92.4778,122.095,-33.4539,37.0195,122.062,-33.4539,37.0195,-0.0327873,-33.454]},"normal":{"type":"float32","components":3,