{"model":{"version":3,"nodes":[{"name":"RootNode","position":[0,0,0],"rotation":[0,0,0],"scale":[1,1,1],"scaleCompensation":false},{"name":"Natures_Rock_Big","position":[-2.64197,0.297964,-7.42756],"rotation":[2.50448e-06,-0,0],"scale":[1,1,1],"scaleCompensation":false}],"parents":[-1,0],"skins":[],"morphs":[],"vertices":[{"position":{"type":"float32","components":3,"data":[-1.29206,0.225825,0.351808,0.0975116,0.380001,1.00553,-0.483813,0.705152,0.00260535,-0.804421,0.225826,-0.897682,-1.29206,0.225825,0.351808,-0.483813,0.705152,0.00260535,1.1912,0.379999,-0.230429,0.357428,0.402771,-0.90301,-0.483813,0.705152,0.00260535,0.357428,0.402771,-0.90301,-0.804421,0.225826,-0.897682,-0.483813,0.705152,0.00260535,0.0975116,0.380001,1.00553,1.1912,0.379999,-0.230429,-0.483813,0.705152,0.00260535,0.0975116,0.380001,1.00553,1.04747,0.227772,0.62802,1.1912,0.379999,-0.230429,1.44793,-0.297964,-0.383919,0.894509,-0.297965,-1.00934,1.1912,0.379999,-0.230429,0.894509,-0.297965,-1.00934,0.357428,0.402771,-0.90301,1.1912,0.379999,-0.230429,-0.000947148,-0.297965,-1.24823,-0.804421,0.225826,-0.897682,0.357428,0.402771,-0.90301,-0.000947148,-0.297965,-1.24823,-0.896403,-0.297965,-1.00934,-0.804421,0.225826,-0.897682,-1.44983,-0.297964,-0.383919,-1.29206,0.225825,0.351808,-0.804421,0.225826,-0.897682,-1.44983,-0.297964,-0.383919,-1.44983,-0.297964,0.38913,-1.29206,0.225825,0.351808,-0.896403,-0.297964,1.01455,0.0975116,0.380001,1.00553,-1.29206,0.225825,0.351808,-0.896403,-0.297964,1.01455,-0.000947148,-0.297964,1.25344,0.0975116,0.380001,1.00553,0.894509,-0.297964,1.01455,1.04747,0.227772,0.62802,0.0975116,0.380001,1.00553,0.894509,-0.297964,1.01455,1.44793,-0.297964,0.38913,1.04747,0.227772,0.62802,1.44793,-0.297964,0.38913,1.1912,0.379999,-0.230429,1.04747,0.227772,0.62802,0.894509,-0.297965,-1.00934,-0.000947148,-0.297965,-1.24823,0.357428,0.402771,-0.90301,-0.896403,-0.297965,-1.00934,-1.44983,-0.297964,-0.383919,-0.804421,0.225826,-0.897682,-1.44983,-0.297964,0.38913,-0.896403,-0.297964,1.01455,-1.29206,0.225825,0.351808,-0.000947148,-0.297964,1.25344,0.894509,-0.297964,1.01455,0.0975116,0.380001,1.00553,1.44793,-0.297964,0.38913,1.44793,-0.297964,-0.383919,1.1912,0.379999,-0.230429,-0.896403,-0.297965,-1.00934,-1.44983,-0.297964,0.38913,-1.44983,-0.297964,-0.383919,-0.000947148,-0.297965,-1.24823,-0.000947148,-0.297964,1.25344,1.44793,-0.297964,0.38913,0.894509,-0.297965,-1.00934,1.44793,-0.297964,-0.383919,0.894509,-0.297964,1.01455,-0.896403,-0.297964,1.01455]},"normal":{"type":"float32","components":3,"data":[-0.304364,0.840197,0.448811,-0.304364,0.840197,0.448811,-0.304364,0.840197,0.448811,-0.566354,0.79397,-0.221032,-0.566354,0.79397,-0.221032,-0.566354,0.79397,-0.221032,0.164724,0.971348,-0.171315,0.164724,0.971348,-0.171315,0.164724,0.971348,-0.171315,-0.138077,0.893793,-0.426696,-0.138077,0.893793,-0.426696,-0.138077,0.893793,-0.426696,0.212292,0.95898,0.187853,0.212292,0.95898,0.187853,0.212292,0.95898,0.187853,0.234711,0.949618,0.207692,0.234711,0.949618,0.207692,0.234711,0.949618,0.207692,0.687083,0.397833,-0.607985,0.687083,0.397833,-0.607985,0.687083,0.397833,-0.607985,0.545547,0.518098,-0.658752,0.545547,0.518098,-0.658752,0.545547,0.518098,-0.658752,-0.0758527,0.47161,-0.878539,-0.0758527,0.47161,-0.878539,-0.0758527,0.47161,-0.878539,-0.249995,0.243665,-0.937086,-0.249995,0.243665,-0.937086,-0.249995,0.243665,-0.937086,-0.730538,0.620505,-0.285109,-0.730538,0.620505,-0.285109,-0.730538,0.620505,-0.285109,-0.957511,0.288397,-6.60697e-08,-0.957511,0.288397,-6.60697e-08,-0.957511,0.288397,-6.60697e-08,-0.396302,0.590345,0.703162,-0.396302,0.590345,0.703162,-0.396302,0.590345,0.703162,-0.240087,0.363946,0.899945,-0.240087,0.363946,0.899945,-0.240087,0.363946,0.899945,0.390052,0.469075,0.792356,0.390052,0.469075,0.792356,0.390052,0.469075,0.792356,0.72313,0.260066,0.639882,0.72313,0.260066,0.639882,0.72313,0.260066,0.639882,0.821723,0.521395,0.23004,0.821723,0.521395,0.23004,0.821723,0.521395,0.23004,0.243732,0.325443,-0.913609,0.243732,0.325443,-0.913609,0.243732,0.325443,-0.913609,-0.722501,0.263166,-0.639325,-0.722501,0.263166,-0.639325,-0.722501,0.263166,-0.639325,-0.7225,0.263167,0.639325,-0.7225,0.263167,0.639325,-0.7225,0.263167,0.639325,0.245793,0.301205,0.921337,0.245793,0.301205,0.921337,0.245793,0.301205,0.921337,0.935192,0.354141,-7.97681e-08,0.935192,0.354141,-7.97681e-08,0.935192,0.354141,-7.97681e-08,0,-1,2.23504e-07,0,-1,2.23504e-07,0,-1,2.23504e-07,0,-1,2.23504e-07,0,-1,2.23504e-07,0,-1,2.23504e-07,0,-1,2.23504e-07,0,-1,2.23504e-07,0,-1,2.23504e-07,0,-1,2.23504e-07]},"texCoord0":{"type":"float32","components":2,"data":[0.707786,0.478178,0.757786,0.495047,0.741074,0.511466,0.707786,0.478178,0.757786,0.478178,0.757786,0.528178,0.724499,0.478178,0.757786,0.478178,0.740917,0.494596,0.707786,0.478178,0.757786,0.478178,0.757786,0.528178,0.707786,0.478178,0.757786,0.478178,0.740917,0.494596,0.707786,0.478178,0.757786,0.478178,0.757786,0.503517,0.707786,0.478178,0.757786,0.478178,0.757786,0.528178,0.707786,0.478178,0.757786,0.503516,0.757786,0.528178,0.707786,0.478178,0.757786,0.478178,0.757786,0.528178,0.707786,0.478178,0.757786,0.478178,0.757786,0.503517,0.707786,0.478178,0.757786,0.478178,0.757786,0.528178,0.707786,0.478178,0.757786,0.478178,0.757786,0.503517,0.707786,0.478178,0.757786,0.495047,0.757786,0.528178,0.707786,0.478178,0.757786,0.478178,0.757786,0.511759,0.707786,0.478178,0.757786,0.478178,0.757786,0.528178,0.707786,0.478178,0.757786,0.478178,0.757786,0.528178,0.707786,0.478178,0.757786,0.503517,0.757786,0.528178,0.707786,0.478178,0.757786,0.478178,0.757786,0.528178,0.707786,0.478178,0.757786,0.478178,0.757786,0.528178,0.707786,0.478178,0.757786,0.478178,0.757786,0.528178,0.707786,0.478178,0.757786,0.478178,0.757786,0.528178,0.707786,0.478178,0.757786,0.478178,0.757786,0.511466,0.70901,0.495452,0.732786,0.478178,0.718092,0.482952,0.70901,0.510903,0.756563,0.495452,0.747481,0.523403,0.718092,0.523403,0.732786,0.528178,0.756563,0.510903,0.747481,0.482952]}}],"meshes":[{"aabb":{"min":[-1.44983,-0.297965,-1.24823],"max":[1.44793,0.705152,1.25344]},"vertices":0,"indices":[0,1,2,3,4,5,6,7,8,9,10,11,12,13,14,15,16,17,18,19,20,21,22,23,24,25,26,27,28,29,30,31,32,33,34,35,36,37,38,39,40,41,42,43,44,45,46,47,48,49,50,51,52,53,54,55,56,57,58,59,60,61,62,63,64,65,66,67,68,69,70,66,71,72,73,70,72,74,72,71,74,75,66,70,67,66,75,72,70,69],"type":"triangles","base":0,"count":90}],"meshInstances":[{"node":1,"mesh":0}]}}