{"model":{"version":3,"nodes":[{"name":"RootNode","position":[0,0,0],"rotation":[0,0,0],"scale":[1,1,1],"scaleCompensation":false},{"name":"Props_Traffic Sign_stop","position":[13.2847,1.7149,-1.41144e-09],"rotation":[2.50448e-06,-0,0],"scale":[1,1,1],"scaleCompensation":false}],"parents":[-1,0],"skins":[],"morphs":[],"vertices":[{"position":{"type":"float32","components":3,"data":[2.80604e-07,0.732607,0.0351662,0.361905,0.523662,-0.0351662,2.80604e-07,0.732607,-0.0351662,0.361905,0.523662,0.0351662,0.361905,0.10577,0.0351662,0.361905,0.523662,-0.0351662,0.361905,0.523662,0.0351662,0.361905,0.10577,-0.0351662,2.4407e-07,-0.103176,0.0351662,0.361905,0.10577,-0.0351662,0.361905,0.10577,0.0351662,2.4407e-07,-0.103176,-0.0351662,-0.361905,0.10577,0.0351662,2.4407e-07,-0.103176,-0.0351662,2.4407e-07,-0.103176,0.0351662,-0.361905,0.10577,-0.0351662,-0.361905,0.10577,0.0351662,2.80604e-07,0.732607,0.0351662,-0.361905,0.523662,0.0351662,0.361905,0.10577,0.0351662,0.361905,0.523662,0.0351662,2.4407e-07,-0.103176,0.0351662,2.80604e-07,0.732607,0.0351662,-0.361905,0.523662,-0.0351662,-0.361905,0.523662,0.0351662,2.80604e-07,0.732607,-0.0351662,-0.361905,0.10577,0.0351662,-0.361905,0.523662,-0.0351662,-0.361905,0.10577,-0.0351662,-0.361905,0.523662,0.0351662,-0.361905,0.10577,-0.0351662,2.80604e-07,0.732607,-0.0351662,2.4407e-07,-0.103176,-0.0351662,0.361905,0.10577,-0.0351662,-0.361905,0.523662,-0.0351662,0.361905,0.523662,-0.0351662,-0.0300006,0.299919,-0.03,-0.0300006,-1.70008,-0.0299999,-0.0300006,0.299919,0.03,-0.0300006,-1.70008,0.0300001,-0.0300006,-1.70008,-0.0299999,-0.0300006,0.299919,-0.03,0.0299994,-1.70008,-0.0299999,0.0299994,0.299919,-0.03,0.0299994,0.299919,0.03,0.0299994,-1.70008,-0.0299999,0.0299994,0.299919,-0.03,0.0299994,-1.70008,0.0300001,-0.0300006,0.299919,0.03,-0.0300006,-1.70008,0.0300001,0.0299994,0.299919,0.03,0.0299994,-1.70008,0.0300001,0.0299994,-1.70008,0.0300001,-0.0300006,-1.70008,0.0300001,0.0299994,-1.70008,-0.0299999,-0.0300006,-1.70008,-0.0299999,-0.0300006,0.299919,0.03,0.0299994,0.299919,0.03,-0.0300006,0.299919,-0.03,0.0299994,0.299919,-0.03]},"normal":{"type":"float32","components":3,"data":[0.5,0.866025,0,0.5,0.866025,0,0.5,0.866025,0,0.5,0.866025,0,1,-6.33739e-08,0,1,-6.33739e-08,0,1,-6.33739e-08,0,1,-6.33739e-08,0,0.5,-0.866025,0,0.5,-0.866025,0,0.5,-0.866025,0,0.5,-0.866025,0,-0.5,-0.866025,0,-0.5,-0.866025,0,-0.5,-0.866025,0,-0.5,-0.866025,0,3.07902e-09,-2.9715e-09,1,3.07902e-09,-2.9715e-09,1,3.07902e-09,-2.9715e-09,1,3.07902e-09,-2.9715e-09,1,3.07902e-09,-2.9715e-09,1,3.07902e-09,-2.9715e-09,1,-0.5,0.866025,0,-0.5,0.866025,0,-0.5,0.866025,0,-0.5,0.866025,0,-1,0,0,-1,0,0,-1,0,0,-1,0,0,-2.05268e-09,2.9715e-09,-1,-2.05268e-09,2.9715e-09,-1,-2.05268e-09,2.9715e-09,-1,-2.05268e-09,2.9715e-09,-1,-2.05268e-09,2.9715e-09,-1,-2.05268e-09,2.9715e-09,-1,-1,0,0,-1,0,0,-1,0,0,-1,0,0,0,-4.28408e-08,-1,0,-4.28408e-08,-1,0,-4.28408e-08,-1,0,-4.28408e-08,-1,1,0,0,1,0,0,1,0,0,1,0,0,0,4.28408e-08,1,0,4.28408e-08,1,0,4.28408e-08,1,0,4.28408e-08,1,0,-1,0,0,-1,0,0,-1,0,0,-1,0,0,1,0,0,1,0,0,1,0,0,1,0]},"texCoord0":{"type":"float32","components":2,"data":[0.373766,0.229332,0.452528,0.183859,0.373766,0.229332,0.452528,0.183859,0.452528,0.0929121,0.452528,0.183859,0.452528,0.183859,0.452528,0.0929121,0.373766,0.0474387,0.452528,0.0929121,0.452528,0.0929121,0.373766,0.0474387,0.295004,0.0929121,0.373766,0.0474387,0.373766,0.0474387,0.295004,0.0929121,0.295004,0.0929121,0.373766,0.229332,0.295004,0.183859,0.452528,0.0929121,0.452528,0.183859,0.373766,0.0474387,0.373766,0.229332,0.295004,0.183859,0.295004,0.183859,0.373766,0.229332,0.295004,0.0929121,0.295004,0.183859,0.295004,0.0929121,0.295004,0.183859,0.331405,0.203864,0.334703,0.209577,0.334703,0.20196,0.338002,0.203864,0.331405,0.207673,0.338002,0.207673,0.525,0.475,0.525,0.525,0.475,0.475,0.475,0.525,0.475,0.525,0.475,0.475,0.525,0.525,0.525,0.475,0.525,0.475,0.475,0.525,0.475,0.475,0.525,0.525,0.525,0.475,0.525,0.525,0.475,0.475,0.475,0.525,0.475,0.525,0.475,0.475,0.525,0.525,0.525,0.475,0.475,0.525,0.475,0.475,0.525,0.525,0.525,0.475]}}],"meshes":[{"aabb":{"min":[-0.361905,-1.70008,-0.0351662],"max":[0.361905,0.732607,0.0351662]},"vertices":0,"indices":[0,1,2,1,0,3,4,5,6,5,4,7,8,9,10,9,8,11,12,13,14,13,12,15,16,17,18,17,19,20,17,21,19,21,17,16,22,23,24,23,22,25,26,27,28,27,26,29,30,31,32,32,31,33,31,30,34,33,31,35,36,37,38,39,38,37,40,41,42,42,41,43,44,45,46,45,44,47,48,49,50,50,49,51,52,53,54,53,55,54,56,57,58,57,59,58],"type":"triangles","base":0,"count":96}],"meshInstances":[{"node":1,"mesh":0}]}}