{"model":{"version":3,"nodes":[{"name":"RootNode","position":[0,0,0],"rotation":[0,0,0],"scale":[0.0254,0.0254,0.0254],"scaleCompensation":false},{"name":"Star001","position":[0.205543,4.98372,3.77443],"rotation":[-0.297195,-1.9925e-17,0.325401],"scale":[0.426372,0.426372,0.426372],"scaleCompensation":false}],"parents":[-1,0],"skins":[],"morphs":[],"vertices":[{"position":{"type":"float32","components":3,"data":[41.0802,4.92027,-9.78528,44.0272,7.69048,-9.78044,44.0019,7.68687,7.71954,41.0549,4.91665,7.7147,45.7604,10.3334,-9.77739,45.7351,10.3297,7.7226,46.304,12.7657,-9.7761,46.2786,12.7621,7.72389,45.6821,14.9042,-9.77656,45.6567,14.9006,7.72343,43.9189,16.6657,-9.77875,43.8936,16.6621,7.72123,41.0388,17.967,-9.78265,41.0134,17.9634,7.71733,37.0658,18.7248,-9.78825,37.0404,18.7212,7.71173,14.8427,20.9826,-9.81997,14.8174,20.979,7.68001,14.8427,20.9826,-9.81997,7.1184,41.942,-9.82684,7.09305,41.9384,7.67315,14.8174,20.979,7.68001,5.39445,45.6009,-9.82858,5.3691,45.5972,7.6714,3.41652,48.0659,-9.83093,3.39117,48.0623,7.66905,1.27122,49.3345,-9.83378,1.24587,49.3309,7.6662,-0.954813,49.4039,-9.83699,-0.980162,49.4003,7.66299,-3.17495,48.2714,-9.84044,-3.2003,48.2677,7.65954,-5.30256,45.9343,-9.844,-5.32791,45.9307,7.65598,-7.25101,42.3899,-9.84756,-7.27636,42.3863,7.65242,-16.2656,21.9522,-9.86483,-16.291,21.9486,7.63515,-16.2656,21.9522,-9.86483,-38.5861,21.0827,-9.89734,-38.6114,21.0791,7.60264,-16.291,21.9486,7.63515,-42.5986,20.5738,-9.90326,-42.6239,20.5702,7.59672,-45.5542,19.4544,-9.90777,-45.5796,19.4508,7.59221,-47.4236,17.8061,-9.91082,-47.449,17.8025,7.58916,-48.1775,15.7105,-9.91234,-48.2028,15.7069,7.58764,-47.7865,13.249,-9.91228,-47.8118,13.2454,7.5877,-46.2212,10.5034,-9.91058,-46.2466,10.4998,7.5894,-43.4524,7.555,-9.90718,-43.4778,7.55139,7.5928,-26.8007,-7.33399,-9.88613,-26.8261,-7.3376,7.61385,-26.8007,-7.33399,-9.88613,-32.8712,-28.8307,-9.89936,-32.8966,-28.8344,7.60062,-26.8261,-7.3376,7.61385,-33.6271,-32.8041,-9.90128,-33.6525,-32.8077,7.5987,-33.4759,-35.961,-9.90171,-33.5012,-35.9646,7.59827,-32.4859,-38.2483,-9.90075,-32.5113,-38.2519,7.59923,-30.7258,-39.6128,-9.89848,-30.7512,-39.6164,7.6015,-28.264,-40.0016,-9.89499,-28.2894,-40.0052,7.60499,-25.169,-39.3614,-9.89038,-25.1944,-39.365,7.6096,-21.5094,-37.6392,-9.88472,-21.5347,-37.6428,7.61526,-2.20346,-26.4035,-9.85444,-2.22881,-26.4071,7.64554,-2.20346,-26.4035,-9.85444,16.3653,-38.8197,-9.83011,16.3399,-38.8233,7.66988,-2.22881,-26.4071,7.64554,19.9106,-40.7665,-9.82537,19.8852,-40.7701,7.67461,22.9597,-41.5981,-9.82113,22.9343,-41.6017,7.67885,25.4409,-41.3634,-9.81748,25.4156,-41.3671,7.6825,27.2826,-40.1111,-9.81456,27.2572,-40.1148,7.68542,28.413,-37.89,-9.81246,28.3877,-37.8936,7.68752,28.7606,-34.7486,-9.81131,28.7353,-34.7522,7.68867,28.2536,-30.7359,-9.81122,28.2283,-30.7395,7.68876,23.5336,-8.90283,-9.81355,23.5083,-8.90644,7.68643,23.5336,-8.90283,-9.81355,23.5083,-8.90644,7.68643,25.4409,-41.3634,-9.81748,28.413,-37.89,-9.81246,27.2826,-40.1111,-9.81456,22.9597,-41.5981,-9.82113,19.9106,-40.7665,-9.82537,28.7606,-34.7486,-9.81131,16.3653,-38.8197,-9.83011,28.2536,-30.7359,-9.81122,-2.20346,-26.4035,-9.85444,23.5336,-8.90283,-9.81355,-33.4759,-35.961,-9.90171,-30.7258,-39.6128,-9.89848,-32.4859,-38.2483,-9.90075,-28.264,-40.0016,-9.89499,-33.6271,-32.8041,-9.90128,-25.169,-39.3614,-9.89038,-21.5094,-37.6392,-9.88472,-32.8712,-28.8307,-9.89936,-26.8007,-7.33399,-9.88613,41.0802,4.92027,-9.78528,-43.4524,7.555,-9.90718,-46.2212,10.5034,-9.91058,-47.7865,13.249,-9.91228,-48.1775,15.7105,-9.91234,-47.4236,17.8061,-9.91082,-45.5542,19.4544,-9.90777,-42.5986,20.5738,-9.90326,-38.5861,21.0827,-9.89734,-16.2656,21.9522,-9.86483,44.0272,7.69048,-9.78044,45.7604,10.3334,-9.77739,46.304,12.7657,-9.7761,45.6821,14.9042,-9.77656,43.9189,16.6657,-9.77875,41.0388,17.967,-9.78265,37.0658,18.7248,-9.78825,14.8427,20.9826,-9.81997,-7.25101,42.3899,-9.84756,7.1184,41.942,-9.82684,5.39445,45.6009,-9.82858,-5.30256,45.9343,-9.844,-3.17495,48.2714,-9.84044,3.41652,48.0659,-9.83093,-0.954813,49.4039,-9.83699,1.27122,49.3345,-9.83378,25.4156,-41.3671,7.6825,27.2572,-40.1148,7.68542,28.3877,-37.8936,7.68752,22.9343,-41.6017,7.67885,19.8852,-40.7701,7.67461,28.7353,-34.7522,7.68867,16.3399,-38.8233,7.66988,28.2283,-30.7395,7.68876,-2.22881,-26.4071,7.64554,23.5083,-8.90644,7.68643,-33.5012,-35.9646,7.59827,-32.5113,-38.2519,7.59923,-30.7512,-39.6164,7.6015,-28.2894,-40.0052,7.60499,-33.6525,-32.8077,7.5987,-25.1944,-39.365,7.6096,-21.5347,-37.6428,7.61526,-32.8966,-28.8344,7.60062,-26.8261,-7.3376,7.61385,41.0549,4.91665,7.7147,-43.4778,7.55139,7.5928,-46.2466,10.4998,7.5894,-47.8118,13.2454,7.5877,-48.2028,15.7069,7.58764,-47.449,17.8025,7.58916,-45.5796,19.4508,7.59221,-42.6239,20.5702,7.59672,-38.6114,21.0791,7.60264,-16.291,21.9486,7.63515,44.0019,7.68687,7.71954,45.7351,10.3297,7.7226,46.2786,12.7621,7.72389,45.6567,14.9006,7.72343,43.8936,16.6621,7.72123,41.0134,17.9634,7.71733,37.0404,18.7212,7.71173,14.8174,20.979,7.68001,-7.27636,42.3863,7.65242,7.09305,41.9384,7.67315,5.3691,45.5972,7.6714,-5.32791,45.9307,7.65598,-3.2003,48.2677,7.65954,3.39117,48.0623,7.66905,-0.980162,49.4003,7.66299,1.24587,49.3309,7.6662]},"normal":{"type":"float32","components":3,