{"model":{"version":3,"nodes":[{"name":"RootNode","position":[0,0,0],"rotation":[0,0,0],"scale":[1,1,1],"scaleCompensation":false},{"name":"Props_Traffic cone","position":[11.2965,0.280438,12.1819],"rotation":[2.50448e-06,-0,0],"scale":[1,1,1],"scaleCompensation":false}],"parents":[-1,0],"skins":[],"morphs":[],"vertices":[{"position":{"type":"float32","components":3,"data":[0.0434672,0.678121,-0.0598273,0.187115,-0.141471,-0.257542,4.86299e-09,-0.141471,-0.31834,1.12105e-08,0.678121,-0.0739507,0.302759,-0.141471,-0.0983724,0.0434672,0.678121,-0.0598273,0.0703313,0.678121,-0.022852,0.187115,-0.141471,-0.257542,0.0703313,0.678121,0.0228521,0.302759,-0.141471,0.0983724,0.302759,-0.141471,-0.0983724,0.0703313,0.678121,-0.022852,0.0434671,0.678121,0.0598274,0.187115,-0.141471,0.257542,0.302759,-0.141471,0.0983724,0.0703313,0.678121,0.0228521,-2.29672e-08,-0.141471,0.31834,0.0434671,0.678121,0.0598274,4.74553e-09,0.678121,0.0739508,0.187115,-0.141471,0.257542,-0.0434671,0.678121,0.0598274,-2.29672e-08,-0.141471,0.31834,4.74553e-09,0.678121,0.0739508,-0.187116,-0.141471,0.257542,-0.0434671,0.678121,0.0598274,-0.302759,-0.141471,0.0983725,-0.187116,-0.141471,0.257542,-0.0703313,0.678121,0.0228521,-0.0703313,0.678121,0.0228521,-0.302759,-0.141471,-0.0983725,-0.302759,-0.141471,0.0983725,-0.0703313,0.678121,-0.022852,4.74553e-09,0.678121,0.0739508,0.0703313,0.678121,-0.022852,1.12105e-08,0.678121,-0.0739507,0.0434671,0.678121,0.0598274,-0.0703313,0.678121,0.0228521,0.0434672,0.678121,-0.0598273,-0.0703313,0.678121,-0.022852,-0.0434671,0.678121,-0.0598274,-0.0434671,0.678121,0.0598274,0.0703313,0.678121,0.0228521,4.86299e-09,-0.141471,-0.31834,-0.0434671,0.678121,-0.0598274,1.12105e-08,0.678121,-0.0739507,-0.187115,-0.141471,-0.257542,-0.0434671,0.678121,-0.0598274,-0.187115,-0.141471,-0.257542,-0.302759,-0.141471,-0.0983725,-0.0703313,0.678121,-0.022852,2.05299e-09,-0.141471,-0.412628,-0.187115,-0.141471,-0.257542,4.86299e-09,-0.141471,-0.31834,-0.242536,-0.141471,-0.333823,2.05299e-09,-0.243089,-0.412628,-0.242536,-0.243089,-0.333823,-0.242536,-0.141471,-0.333823,2.05299e-09,-0.141471,-0.412628,-0.392432,-0.141471,-0.127509,-0.302759,-0.141471,-0.0983725,-0.392432,-0.141471,0.127509,-0.302759,-0.141471,0.0983725,-0.242536,-0.141471,0.333823,-0.187116,-0.141471,0.257542,-3.40201e-08,-0.141471,0.412628,-2.29672e-08,-0.141471,0.31834,0.242536,-0.141471,0.333823,0.187115,-0.141471,0.257542,0.302759,-0.141471,0.0983724,0.392432,-0.141471,0.127509,0.302759,-0.141471,-0.0983724,0.392432,-0.141471,-0.127509,0.242536,-0.141471,-0.333823,0.187115,-0.141471,-0.257542,0.242536,-0.243089,0.333823,0.392432,-0.243089,-0.127509,0.392432,-0.243089,0.127509,-0.242536,-0.243089,0.333823,-0.242536,-0.243089,-0.333823,2.05299e-09,-0.243089,-0.412628,0.242536,-0.243089,-0.333823,-3.40201e-08,-0.243089,0.412628,-0.392432,-0.243089,0.127509,-0.392432,-0.243089,-0.127509,-0.242536,-0.243089,-0.333823,-0.392432,-0.243089,-0.127509,-0.392432,-0.141471,-0.127509,-0.242536,-0.141471,-0.333823,-0.392432,-0.243089,-0.127509,-0.392432,-0.243089,0.127509,-0.392432,-0.141471,0.127509,-0.392432,-0.141471,-0.127509,-0.392432,-0.243089,0.127509,-0.242536,-0.243089,0.333823,-0.242536,-0.141471,0.333823,-0.392432,-0.141471,0.127509,-3.40201e-08,-0.141471,0.412628,-0.242536,-0.141471,0.333823,-0.242536,-0.243089,0.333823,-3.40201e-08,-0.243089,0.412628,-3.40201e-08,-0.141471,0.412628,0.242536,-0.243089,0.333823,0.242536,-0.141471,0.333823,-3.40201e-08,-0.243089,0.412628,0.242536,-0.141471,0.333823,0.392432,-0.243089,0.127509,0.392432,-0.141471,0.127509,0.242536,-0.243089,0.333823,0.392432,-0.141471,0.127509,0.392432,-0.243089,-0.127509,0.392432,-0.141471,-0.127509,0.392432,-0.243089,0.127509,0.392432,-0.141471,-0.127509,0.242536,-0.243089,-0.333823,0.242536,-0.141471,-0.333823,0.392432,-0.243089,-0.127509,2.05299e-09,-0.243089,-0.412628,0.242536,-0.141471,-0.333823,0.242536,-0.243089,-0.333823,2.05299e-09,-0.141471,-0.412628]},"normal":{"type":"float32","components":3,"data":[0.297294,0.272831,-0.914975,0.297294,0.272831,-0.914975,0.297294,0.272831,-0.914975,0.297294,0.272831,-0.914975,0.778325,0.272831,-0.565486,0.778325,0.272831,-0.565486,0.778325,0.272831,-0.565486,0.778325,0.272831,-0.565486,0.962062,0.272831,1.08217e-07,0.962062,0.272831,1.08217e-07,0.962062,0.272831,1.08217e-07,0.962062,0.272831,1.08217e-07,0.778324,0.272831,0.565486,0.778324,0.272831,0.565486,0.778324,0.272831,0.565486,0.778324,0.272831,0.565486,0.297293,0.272831,0.914975,0.297293,0.272831,0.914975,0.297293,0.272831,0.914975,0.297293,0.272831,0.914975,-0.297293,0.272831,0.914975,-0.297293,0.272831,0.914975,-0.297293,0.272831,0.914975,-0.297293,0.272831,0.914975,-0.778325,0.272831,0.565486,-0.778325,0.272831,0.565486,-0.778325,0.272831,0.565486,-0.778325,0.272831,0.565486,-0.962062,0.272831,0,-0.962062,0.272831,0,-0.962062,0.272831,0,-0.962062,0.272831,0,0,1,0,0,1,0,0,1,0,0,1,0,0,1,0,0,1,0,0,1,0,0,1,0,0,1,0,0,1,0,-0.297293,0.272831,-0.914975,-0.297293,0.272831,-0.914975,-0.297293,0.272831,-0.914975,-0.297293,0.272831,-0.914975,-0.778324,0.272831,-0.565486,-0.778324,0.272831,-0.565486,-0.778324,0.272831,-0.565486,-0.778324,0.272831,-0.565486,-2.6858e-14,1,3.67831e-07,2.73548e-08,1,2.29894e-07,-3.58107e-14,1,3.67831e-07,2.73548e-08,1,2.29894e-07,-0.309017,0,-0.951057,-0.309017,0,-0.951057,-0.309017,0,-0.951057,-0.309017,0,-0.951057,4.52732e-09,1,1.14947e-07,4.52732e-09,1,1.14947e-07,-4.52738e-09,1,6.89683e-08,-4.52738e-09,1,6.89683e-08,-2.73549e-08,1,1.83915e-07,-2.73549e-08,1,1.83915e-07,-9.89506e-15,1,3.67831e-07,-7.53909e-15,1,3.67831e-07,2.73549e-08,1,2.29894e-07,2.73549e-08,1,2.29894e-07,4.52739e-09,1,1.14947e-07,4.52738e-09,1,1.14947e-07,-4.52735e-09,1,1.14947e-07,-4.52735e-09,1,1.14947e-07,-2.73548e-08,1,2.29894e-07,-2.73548e-08,1,2.29894e-07,7.98744e-15,-1,-1.48897e-07,7.98744e-15,-1,-1.48897e-07,7.98744e-15,-1,-1.48897e-07,7.98744e-15,-1,-1.48897e-07,7.98744e-15,-1,-1.48897e-07,7.98744e-15,-1,-1.48897e-07,7.98744e-15,-1,-1.48897e-07,7.98744e-15,-1,-1.48897e-07,7.98744e-15,-1,-1.48897e-07,7.98744e-15,-1,-1.48897e-07,-0.809017,0,-0.587785,-0.809017,0,-0.587785,-0.809017,0,-0.587785,-0.809017,0,-0.587785,-1,0,0,-1,0,0,-1,0,0,-1,0,0,-0.809017,0,0.587785,-0.809017,0,0.587785,-0.809017,0,0.587785,-0.809017,0,0.587785,-0.309017,0,0.951056,-0.309017,0,0.951056,-0.309017,0,0.951056,-0.309017,0,0.951056,0.309017,0,0.951057,0.309017,0,0.951057,0.309017,0,0.951057,0.309017,0,0.951057,0.809017,0,0.587785,0.809017,0,0.587785,0.809017,0,0.587785,0.809017,0,0.587785,1,0,0,1,0,0,1,0,0,1,0,0,0.809017,-2.87508e-07,-0.587785,0.809017,-2.87508e-07,-0.587785,0.809017,-2.87508e-07,-0.587785,0.809017,-2.87508e-07,-0.587785,0.309017,0,-0.951057,0.309017,0,-0.951057,0.309017,0,-0.951057,0.309017,0,-0.951057]},"texCoord0":{"type":"float32","components":2,