{"model":{"version":3,"nodes":[{"name":"RootNode","position":[0,0,0],"rotation":[0,0,0],"scale":[1,1,1],"scaleCompensation":false},{"name":"Natures_Grass Fence","position":[0,0,0],"rotation":[2.50448e-06,-0,0],"scale":[1,1,1],"scaleCompensation":false}],"parents":[-1,0],"skins":[],"morphs":[],"vertices":[{"position":{"type":"float32","components":3,"data":[-0.5,-0.599999,3.5,-0.5,0.599999,-3.5,-0.5,-0.600001,-3.5,-0.5,0.600001,3.5,0.5,-0.600001,-3.5,-0.5,-0.600001,-3.5,-0.5,0.599999,-3.5,0.5,0.599999,-3.5,0.5,-0.599999,3.5,0.5,0.599999,-3.5,0.5,0.600001,3.5,0.5,-0.600001,-3.5,-0.5,0.600001,3.5,-0.5,-0.599999,3.5,0.5,0.600001,3.5,0.5,-0.599999,3.5,0.5,-0.600001,-3.5,0.5,-0.599999,3.5,-0.5,-0.599999,3.5,-0.5,-0.600001,-3.5,-0.5,0.599999,-3.5,-0.5,0.600001,3.5,0.5,0.600001,3.5,0.5,0.599999,-3.5]},"normal":{"type":"float32","components":3,"data":[-1,0,0,-1,0,0,-1,0,0,-1,0,0,0,0,-1,0,0,-1,0,0,-1,0,0,-1,1,0,0,1,0,0,1,0,0,1,0,0,0,0,1,0,0,1,0,0,1,0,0,1,0,-1,1.87329e-07,0,-1,1.87329e-07,0,-1,1.87329e-07,0,-1,1.87329e-07,0,1,-1.87329e-07,0,1,-1.87329e-07,0,1,-1.87329e-07,0,1,-1.87329e-07]},"texCoord0":{"type":"float32","components":2,"data":[0.497343,0.85701,0.522343,0.83201,0.522343,0.85701,0.497343,0.83201,0.522343,0.85701,0.497343,0.85701,0.497343,0.83201,0.522343,0.83201,0.522343,0.85701,0.497343,0.83201,0.522343,0.83201,0.497343,0.85701,0.522343,0.83201,0.522343,0.85701,0.497343,0.83201,0.497343,0.85701,0.522343,0.85701,0.497343,0.85701,0.497343,0.83201,0.522343,0.83201,0.522343,0.85701,0.497343,0.85701,0.497343,0.83201,0.522343,0.83201]}}],"meshes":[{"aabb":{"min":[-0.5,-0.600001,-3.5],"max":[0.5,0.600001,3.5]},"vertices":0,"indices":[0,1,2,1,0,3,4,5,6,4,6,7,8,9,10,9,8,11,12,13,14,14,13,15,16,17,18,18,19,16,20,21,22,22,23,20],"type":"triangles","base":0,"count":36}],"meshInstances":[{"node":1,"mesh":0}]}}