{"model":{"version":3,"nodes":[{"name":"RootNode","position":[0,0,0],"rotation":[0,0,0],"scale":[1,1,1],"scaleCompensation":false},{"name":"Natures_House Floor","position":[0,0,0],"rotation":[2.50448e-06,-0,0],"scale":[1,1,1],"scaleCompensation":false}],"parents":[-1,0],"skins":[],"morphs":[],"vertices":[{"position":{"type":"float32","components":3,"data":[-1.5,-0.0999996,-5,-1.5,-0.1,5,-1.5,0.0999996,5,-1.5,0.1,-5,1.5,-0.0999996,-5,-1.5,-0.0999996,-5,-1.5,0.1,-5,1.5,0.1,-5,1.5,0.0999996,5,1.5,-0.0999996,-5,1.5,0.1,-5,1.5,-0.1,5,1.5,0.0999996,5,-1.5,0.0999996,5,-1.5,-0.1,5,1.5,-0.1,5,1.5,-0.0999996,-5,1.5,-0.1,5,-1.5,-0.1,5,-1.5,-0.0999996,-5,-1.5,0.1,-5,-1.5,0.0999996,5,1.5,0.0999996,5,1.5,0.1,-5]},"normal":{"type":"float32","components":3,"data":[-1,0,0,-1,0,0,-1,0,0,-1,0,0,0,0,-1,0,0,-1,0,0,-1,0,0,-1,1,0,0,1,0,0,1,0,0,1,0,0,0,0,1,0,0,1,0,0,1,0,0,1,0,-1,-7.54992e-08,0,-1,-7.54992e-08,0,-1,-7.54992e-08,0,-1,-7.54992e-08,0,1,7.54992e-08,0,1,7.54992e-08,0,1,7.54992e-08,0,1,7.54992e-08]},"texCoord0":{"type":"float32","components":2,"data":[0.118868,0.388559,0.103143,0.339878,0.103143,0.340581,0.118868,0.389262,0.136674,0.38469,0.118868,0.388559,0.118868,0.389262,0.136674,0.385392,0.120949,0.336711,0.136674,0.38469,0.136674,0.385392,0.120949,0.336009,0.120949,0.336711,0.103143,0.340581,0.103143,0.339878,0.120949,0.336009,0.136674,0.38469,0.120949,0.336009,0.103143,0.339878,0.118868,0.388559,0.118868,0.389262,0.103143,0.340581,0.120949,0.336711,0.136674,0.385392]}}],"meshes":[{"aabb":{"min":[-1.5,-0.1,-5],"max":[1.5,0.1,5]},"vertices":0,"indices":[0,1,2,2,3,0,4,5,6,4,6,7,8,9,10,9,8,11,12,13,14,12,14,15,16,17,18,18,19,16,20,21,22,22,23,20],"type":"triangles","base":0,"count":36}],"meshInstances":[{"node":1,"mesh":0}]}}