{"model":{"version":3,"nodes":[{"name":"RootNode","position":[0,0,0],"rotation":[0,0,0],"scale":[1,1,1],"scaleCompensation":false},{"name":"Props_Bus Stop","position":[-1.0532e-07,3.35322,-0.865165],"rotation":[2.50448e-06,-0,0],"scale":[1,1,1],"scaleCompensation":false}],"parents":[-1,0],"skins":[],"morphs":[],"vertices":[{"position":{"type":"float32","components":3,"data":[3,0.64374,-0.890113,3,1.14678,-0.866885,3,0.646778,-1.13483,3,0.999807,-0.670375,3,1.36583,-0.0213788,-3,0.999807,-0.670375,-3,1.36583,-0.0213788,3,0.999807,-0.670375,3,1.36583,-0.0213788,-3,1.49981,0.865166,3,1.49981,0.865166,-3,1.36583,-0.0213788,-3,1.36583,1.75171,3,1.36583,1.75171,3,1.49981,0.865166,-3,1.49981,0.865166,-3,0.999806,2.40071,3,0.999807,2.40071,3,1.36583,1.75171,-3,1.36583,1.75171,-3,0.999806,2.40071,3,0.64374,2.62044,3,0.999807,2.40071,-3,0.64374,2.62044,-3,1.14678,2.59722,3,0.646778,2.86517,-3,0.646777,2.86517,3,1.14678,2.59722,-3,1.5128,1.86517,3,1.5128,1.86517,-3,1.14678,2.59722,3,1.14678,2.59722,-3,1.64678,0.865166,3,1.64678,0.865166,-3,1.5128,1.86517,3,1.5128,1.86517,-3,1.5128,-0.134834,3,1.5128,-0.134834,-3,1.64678,0.865166,3,1.64678,0.865166,3,0.64374,-0.890113,-3,0.64374,-0.890113,-3,0.999807,-0.670375,3,0.999807,-0.670375,-3,0.646777,-1.13483,3,0.646778,-1.13483,-3,1.14678,-0.866885,3,1.14678,-0.866885,-3,1.14678,-0.866885,3,1.5128,-0.134834,-3,1.5128,-0.134834,3,1.14678,-0.866885,-3,0.64374,-0.890113,-3,1.14678,-0.866885,-3,0.999807,-0.670375,-3,0.646777,-1.13483,3,1.5128,-0.134834,3,1.14678,-0.866885,3,0.999807,-0.670375,3,1.36583,-0.0213788,-3,1.5128,-0.134834,-3,0.999807,-0.670375,-3,1.14678,-0.866885,-3,1.36583,-0.0213788,3,1.36583,-0.0213788,3,1.49981,0.865166,3,1.64678,0.865166,3,1.5128,-0.134834,-3,1.64678,0.865166,-3,1.36583,-0.0213788,-3,1.5128,-0.134834,-3,1.49981,0.865166,3,1.36583,1.75171,3,1.64678,0.865166,3,1.49981,0.865166,3,1.5128,1.86517,-3,1.64678,0.865166,-3,1.36583,1.75171,-3,1.49981,0.865166,-3,1.5128,1.86517,3,0.999807,2.40071,3,1.5128,1.86517,3,1.36583,1.75171,3,1.14678,2.59722,-3,0.999806,2.40071,-3,1.36583,1.75171,-3,1.5128,1.86517,-3,1.14678,2.59722,3,1.14678,2.59722,3,0.64374,2.62044,3,0.646778,2.86517,3,0.999807,2.40071,-3,0.64374,2.62044,-3,0.999806,2.40071,-3,1.14678,2.59722,-3,0.646777,2.86517,3,0.64374,2.62044,-3,0.646777,2.86517,3,0.646778,2.86517,-3,0.64374,2.62044,-3,0.64374,-0.890113,-3,-3.32579,-1.13483,-3,0.646777,-1.13483,-3,-3.32883,-0.890113,-3,-3.32883,-0.890113,3,-3.32883,-0.890113,3,-3.32579,-1.13483,-3,-3.32579,-1.13483,3,-3.32579,-1.13483,3,0.64374,-0.890113,3,-3.32883,-0.890113,3,-3.32883,-0.890113,-3,-3.32883,-0.890113,-3,0.64374,-0.890113,3,0.64374,-0.890113,-3,0.646777,-1.13483,3,-3.32579,-1.13483,3,0.646778,-1.13483,-3,-3.32579,-1.13483]},"normal":{"type":"float32","components":3,"data":[-1,0,0,-1,0,0,-1,0,0,-1,0,0,-6.81697e-08,0.871022,-0.491244,-6.81697e-08,0.871022,-0.491244,-6.81697e-08,0.871022,-0.491244,-6.81697e-08,0.871022,-0.491244,-7.87598e-08,0.988773,-0.149423,-7.87598e-08,0.988773,-0.149423,-7.87598e-08,0.988773,-0.149423,-7.87598e-08,0.988773,-0.149423,-7.8429e-08,0.988773,0.149424,-7.8429e-08,0.988773,0.149424,-7.8429e-08,0.988773,0.149424,-7.8429e-08,0.988773,0.149424,-6.64807e-08,0.871021,0.491245,-6.64807e-08,0.871021,0.491245,-6.64807e-08,0.871021,0.491245,-6.64807e-08,0.871021,0.491245,-4.26023e-08,0.525171,0.850997,-4.26023e-08,0.525171,0.850997,-4.26023e-08,0.525171,0.850997,-4.26023e-08,0.525171,0.850997,3.50242e-08,-0.472347,-0.881413,3.50242e-08,-0.472347,-0.881413,3.50242e-08,-0.472347,-0.881413,3.50242e-08,-0.472347,-0.881413,7.28256e-08,-0.894427,-0.447214,7.28256e-08,-0.894427,-0.447214,7.28256e-08,-0.894427,-0.447214,7.28256e-08,-0.894427,-0.447214,7.87691e-08,-0.991144,-0.132788,7.87691e-08,-0.991144,-0.132788,7.87691e-08,-0.991144,-0.132788,7.87691e-08,-0.991144,-0.132788,7.87691e-08,-0.991144,0.132788,7.87691e-08,-0.991144,0.132788,7.87691e-08,-0.991144,0.132788,7.87691e-08,-0.991144,0.132788,-3.84842e-08,0.525172,-0.850996,-3.84842e-08,0.525172,-0.850996,-3.84842e-08,0.525172,-0.850996,-3.84842e-08,0.525172,-0.850996,3.50241e-08,-0.472348,0.881412,3.50241e-08,-0.472348,0.881412,3.50241e-08,-0.472348,0.881412,3.50241e-08,-0.472348,0.881412,7.28256e-08,-0.894427,0.447213,7.28256e-08,-0.894427,0.447213,7.28256e-08,-0.894427,0.447213,7.28256e-08,-0.894427,0.447213,1,0,0,1,0,0,1,0,0,1,0,0,-1,7.53466e-07,-2.21476e-07,-1,7.53466e-07,-2.21476e-07,-1,7.53466e-07,-2.21476e-07,-1,7.53466e-07,-2.21476e-07,1,7.53466e-07,2.21476e-07,1,7.53466e-07,2.21476e-07,1,7.53466e-07,2.21476e-07,1,7.53466e-07,2.21476e-07,-1,0,0,-1,0,0,-1,0,0,-1,0,0,1,-1.63039e-06,0,1,-1.63039e-06,0,1,-1.63039e-06,0,1,-1.63039e-06,0,-1,0,0,-1,0,0,-1,0,0,-1,0,0,1,0,0,1,0,0,1,0,0,1,0,0,-1,0,2.21475e-07,-1,0,2.21475e-07,-1,0,2.21475e-07,-1,0,2.21475e-07,1,0,-2.21475e-07,1,0,-2.21475e-07,1,0,-2.21475e-07,1,0,-2.21475e-07,-1,0,0,-1,0,0,-1,0,0,-1,0,0,1,0,0,1,0,0,1,0,0,1,0,0,-7.94892e-08,0.999923,-0.0124109,-7.94892e-08,0.999923,-0.0124109,-7.94892e-08,0.999923,-0.0124109,-7.94892e-08,0.999923,-0.0124109,1,-6.13107e-08,-7.44913e-10,1,-6.13107e-08,-7.44913e-10,1,-6.13107e-08,-7.44913e-10,1,-6.13107e-08,-7.44913e-10,-7.94443e-08,0.999923,0.0124109,-7.94443e-08,0.999923,0.0124109,-7.94443e-08,0.999923,0.0124109,-7.94443e-08,0.999923,0.0124109,-1,0,0,-1,0,0,-1,0,0,2.19834e-09,-6.00163e-08,-1,2.19834e-09,-6.00163e-08,-1,2.19834e-09,-6.00163e-08,-1,2.19834e-09,-6.00163e-08,-1,2.69742e-09,6.00163e-08,1,2.69742e-09,6.00163e-08,1,2.69742e-09,6.00163e-08,1,2.69742e-09,6.00163e-08,1]},"texCoord0":{"type":"float32","components":2,"data":[0.314894,0.733938,0.294051,0.713095,0.314894,0.713095,0.294051,0.733938,0.411719,0.314844,0.361719,0.364844,0.361719,0.314844,0.411719,0.364844,0.411719,0.364844,0.361719,0.314844,0.411719,0.314844,0.361719,0.364844,0.361719,0.314844,0.411719,0.314844,0.411719,0.364844,0.361719,0.364844,0.361719,0.314844,0.411719,0.314844,0.411719,0.364844,0.361719,0.364844,0.234328,0.734065,0.269375,0.699018,0.269375,0.734065,0.234328,0.699018,0.269375,0.699018,0.234328,0.734065,0.234328,0.699018,0.269375,0.734065,0.411719,0.314844,0.411719,0.364844,0.361719,0.314844,0.361719,0.364844,0.411719,0.314844,0.411719,0.364844,0.361719,0.314844,0.361719,0.364844,0.411719,0.314844,0.411719,0.364844,0.361719,0.314844,0.361719,0.364844,0.411719,0.364844,0.361719,0.364844,0.361719,0.314844,0.411719,0.314844,0.411719,0.314844,0.411719,0.364844,0.361719,0.314844,0.361719,0.364844,0.411719,0.314844,0.361719,0.364844,0.361719,0.314844,0.411719,0.364844,0.290227,0.732254,0.322985,0.699496,0.322985,0.732254,0.290227,0.699496,0.294051,0.713095,0.314894,0.713095,0.314894,0.733938,0.294051,0.733938,0.322985,0.699496,0.290227,0.732254,0.290227,0.699496,0.322985,0.732254,0.314894,0.733938,0.294051,0.733938,0.294051,0.713095,0.314894,0.713095,0.322985,0.699496,0.290227,0.732254,0.290227,0.699496,0.322985,0.732254,0.294051,0.733938,0.314894,0.713095,0.314894,0.733938,0.294051,0.713095,0.290227,0.699496,0.322985,0.732254,0.290227,0.732254,0.322985,0.699496,0.294051,0.733938,0.314894,0.713095,0.314894,0.733938,0.294051,0.713095,0.322985,0.732254,0.290227,0.732254,0.290227,0.699496,0.322985,0.699496,0.314894,0.713095,0.294051,0.733938,0.294051,0.713095,0.314894,0.733938,0.322985,0.732254,0.290227,0.732254,0.290227,0.699496,0.322985,0.699496,0.288816,0.731803,0.261393,0.70438,0.288816,0.70438,0.261393,0.731803,0.322985,0.699496,0.290227,0.732254,0.290227,0.699496,0.322985,0.732254,0.411719,0.364844,0.361719,0.364844,0.361719,0.314844,0.411719,0.314844,0.314894,0.733938,0.294051,0.713095,0.294051,0.733938,0.411719,0.364844,0.361719,0.364844,0.361719,0.314844,0.411719,0.314844,0.411719,0.314844,0.361719,0.364844,0.361719,0.314844,0.411719,0.364844]}}],"meshes":[{"aabb":{"min":[-3,-3.32883,-1.13483],"max":[3,1.64678,2.86517]},"vertices":0,