{"model":{"version":3,"nodes":[{"name":"RootNode","position":[0,0,0],"rotation":[0,0,0],"scale":[1,1,1],"scaleCompensation":false},{"name":"Props_Roof Solar Panel","position":[0,0,0],"rotation":[2.50448e-06,-0,0],"scale":[1,1,1],"scaleCompensation":false}],"parents":[-1,0],"skins":[],"morphs":[],"vertices":[{"position":{"type":"float32","components":3,"data":[-1.63179,-0.23308,-0.888518,-1.63179,-0.233079,1.15335,-1.63179,0.0115152,1.15335,-1.63179,0.394495,-0.888518,1.63179,-0.23308,-0.888518,-1.63179,-0.23308,-0.888518,-1.63179,0.394495,-0.888518,1.63179,0.394495,-0.888518,1.63179,-0.23308,-0.888518,1.63179,0.0115152,1.15335,1.63179,-0.233079,1.15335,1.63179,0.394495,-0.888518,1.63179,0.0115152,1.15335,-1.63179,0.0115152,1.15335,-1.63179,-0.233079,1.15335,1.63179,-0.233079,1.15335,1.63179,-0.233079,1.15335,-1.63179,-0.233079,1.15335,1.63179,-0.23308,-0.888518,-1.63179,-0.23308,-0.888518,-1.63179,0.0115152,1.15335,1.63179,0.0115152,1.15335,1.48352,0.0289142,1.06059,-1.48352,0.0289142,1.06059,1.48352,-0.00460933,1.06059,-1.48352,-0.00460933,1.06059,-1.48352,0.0289142,1.06059,1.48352,0.0289142,1.06059,1.48352,0.377096,-0.795755,1.48352,0.0289142,1.06059,1.63179,0.0115152,1.15335,1.63179,0.394495,-0.888518,1.63179,0.394495,-0.888518,-1.63179,0.394495,-0.888518,-1.48352,0.377096,-0.795755,1.48352,0.377096,-0.795755,-1.48352,0.0289142,1.06059,-1.63179,0.394495,-0.888518,-1.63179,0.0115152,1.15335,-1.48352,0.377096,-0.795755,-1.48352,-0.00460933,1.06059,1.48352,-0.00460933,1.06059,-1.48352,0.343573,-0.795755,1.48352,0.343573,-0.795755,1.48352,0.343573,-0.795755,1.48352,-0.00460933,1.06059,1.48352,0.0289142,1.06059,1.48352,0.377096,-0.795755,1.48352,0.377096,-0.795755,-1.48352,0.377096,-0.795755,-1.48352,0.343573,-0.795755,1.48352,0.343573,-0.795755,-1.48352,0.343573,-0.795755,-1.48352,0.0289142,1.06059,-1.48352,-0.00460933,1.06059,-1.48352,0.377096,-0.795755]},"normal":{"type":"float32","components":3,"data":[-1,0,0,-1,0,0,-1,0,0,-1,0,0,0,0,-1,0,0,-1,0,0,-1,0,0,-1,1,0,0,1,0,0,1,0,0,1,0,0,0,0,1,0,0,1,0,0,1,0,0,1,0,-1,4.47228e-08,0,-1,4.47228e-08,0,-1,4.47228e-08,0,-1,4.47228e-08,1.61952e-08,0.982861,0.184349,-1.61952e-08,0.982861,0.184349,-1.14948e-08,0.982861,0.184349,1.14948e-08,0.982861,0.184349,0,0,-1,0,0,-1,0,0,-1,0,0,-1,-1.14948e-08,0.982861,0.184349,-1.14948e-08,0.982861,0.184349,-1.61952e-08,0.982861,0.184349,-1.61952e-08,0.982861,0.184349,-1.61952e-08,0.982861,0.184349,1.61952e-08,0.982861,0.184349,1.14948e-08,0.982861,0.184349,-1.14948e-08,0.982861,0.184349,1.14948e-08,0.982861,0.184349,1.61952e-08,0.982861,0.184349,1.61952e-08,0.982861,0.184349,1.14948e-08,0.982861,0.184349,0,0.982861,0.184349,0,0.982861,0.184349,0,0.982861,0.184349,0,0.982861,0.184349,-1,0,0,-1,0,0,-1,0,0,-1,0,0,0,0,1,0,0,1,0,0,1,0,0,1,1,0,0,1,0,0,1,0,0,1,0,0]},"texCoord0":{"type":"float32","components":2,"data":[0.525,0.525,0.475,0.525,0.475,0.475,0.525,0.475,0.525,0.525,0.475,0.525,0.475,0.475,0.525,0.475,0.475,0.525,0.525,0.475,0.525,0.525,0.475,0.475,0.475,0.475,0.525,0.475,0.525,0.525,0.475,0.525,0.475,0.525,0.475,0.475,0.525,0.525,0.525,0.475,0.475,0.475,0.525,0.475,0.525,0.525,0.475,0.525,0.525,0.525,0.475,0.525,0.475,0.475,0.525,0.475,0.525,0.525,0.475,0.525,0.475,0.475,0.525,0.475,0.475,0.475,0.525,0.475,0.525,0.525,0.475,0.525,0.525,0.525,0.475,0.475,0.525,0.475,0.475,0.525,0.0399835,0.733867,0.396453,0.733867,0.0399835,0.940067,0.396453,0.940067,0.525,0.525,0.475,0.525,0.475,0.475,0.525,0.475,0.475,0.475,0.525,0.475,0.525,0.525,0.475,0.525,0.475,0.525,0.525,0.475,0.525,0.525,0.475,0.475]}}],"meshes":[{"aabb":{"min":[-1.63179,-0.23308,-0.888518],"max":[1.63179,0.394495,1.15335]},"vertices":0,"indices":[0,1,2,2,3,0,4,5,6,4,6,7,8,9,10,9,8,11,12,13,14,12,14,15,16,17,18,17,19,18,20,21,22,20,22,23,24,25,26,24,26,27,28,29,30,30,31,28,32,33,34,32,34,35,36,37,38,37,36,39,40,41,42,41,43,42,44,45,46,46,47,44,48,49,50,48,50,51,52,53,54,53,52,55],"type":"triangles","base":0,"count":84}],"meshInstances":[{"node":1,"mesh":0}]}}