{"model":{"version":3,"nodes":[{"name":"RootNode","position":[0,0,0],"rotation":[0,0,0],"scale":[1,1,1],"scaleCompensation":false},{"name":"Props_Fence","position":[8.98771,1.04186,0.0127089],"rotation":[2.50448e-06,-0,0],"scale":[1,1,1],"scaleCompensation":false}],"parents":[-1,0],"skins":[],"morphs":[],"vertices":[{"position":{"type":"float32","components":3,"data":[-0.903754,0.577305,0.0372911,-0.903754,0.457305,0.0372911,-0.903754,0.577305,0.0972911,-0.903754,0.457305,0.0972911,0.896245,0.457305,0.0372911,-0.903754,0.457305,0.0372911,-0.903754,0.577305,0.0372911,0.896245,0.577305,0.0372911,0.896245,0.577305,0.0972911,0.896245,0.457305,0.0372911,0.896245,0.577305,0.0372911,0.896245,0.457305,0.0972911,0.896245,0.577305,0.0972911,-0.903754,0.577305,0.0972911,-0.903754,0.457305,0.0972911,0.896245,0.457305,0.0972911,-0.903754,0.457305,0.0372911,0.896245,0.457305,0.0372911,-0.903754,0.457305,0.0972911,0.896245,0.457305,0.0972911,0.896245,0.577305,0.0372911,-0.903754,0.577305,0.0372911,0.896245,0.577305,0.0972911,-0.903754,0.577305,0.0972911,-0.903754,-0.648766,0.0372912,-0.903754,-0.768766,0.0372912,-0.903754,-0.648766,0.0972912,-0.903754,-0.768766,0.0972912,0.896246,-0.768766,0.0372912,-0.903754,-0.768766,0.0372912,-0.903754,-0.648766,0.0372912,0.896246,-0.648766,0.0372912,0.896246,-0.648766,0.0972912,0.896246,-0.768766,0.0372912,0.896246,-0.648766,0.0372912,0.896246,-0.768766,0.0972912,-0.903754,-0.768766,0.0972912,0.896246,-0.648766,0.0972912,-0.903754,-0.648766,0.0972912,0.896246,-0.768766,0.0972912,-0.903754,-0.768766,0.0372912,0.896246,-0.768766,0.0372912,-0.903754,-0.768766,0.0972912,0.896246,-0.768766,0.0972912,0.896246,-0.648766,0.0372912,-0.903754,-0.648766,0.0372912,0.896246,-0.648766,0.0972912,-0.903754,-0.648766,0.0972912,0.52571,0.958137,-0.0627089,0.52571,-1.04186,-0.0627088,0.52571,0.958137,0.0372911,0.52571,-1.04186,0.0372912,0.52571,-1.04186,-0.0627088,0.52571,0.958137,-0.0627089,0.825709,-1.04186,-0.0627088,0.825709,0.958137,-0.0627089,0.825709,0.958137,0.0372911,0.825709,-1.04186,-0.0627088,0.825709,0.958137,-0.0627089,0.825709,-1.04186,0.0372912,0.52571,0.958137,0.0372911,0.52571,-1.04186,0.0372912,0.825709,0.958137,0.0372911,0.825709,-1.04186,0.0372912,0.52571,-1.04186,-0.0627088,0.825709,-1.04186,-0.0627088,0.52571,-1.04186,0.0372912,0.825709,-1.04186,0.0372912,0.52571,0.958137,0.0372911,0.825709,0.958137,0.0372911,0.68714,1.17474,0.0372911,0.664279,1.17474,0.0372911,0.664279,1.17474,-0.0627089,0.664279,1.17474,0.0372911,0.68714,1.17474,0.0372911,0.68714,1.17474,-0.0627089,0.825709,0.958137,-0.0627089,0.68714,1.17474,0.0372911,0.825709,0.958137,0.0372911,0.68714,1.17474,-0.0627089,0.52571,0.958137,-0.0627089,0.664279,1.17474,-0.0627089,0.825709,0.958137,-0.0627089,0.68714,1.17474,-0.0627089,0.664279,1.17474,0.0372911,0.52571,0.958137,-0.0627089,0.52571,0.958137,0.0372911,0.664279,1.17474,-0.0627089,0.0757095,0.958137,-0.0627089,0.0757095,-1.04186,-0.0627088,0.0757095,0.958137,0.0372911,0.0757095,-1.04186,0.0372912,0.0757095,-1.04186,-0.0627088,0.0757095,0.958137,-0.0627089,0.375709,-1.04186,-0.0627088,0.375709,0.958137,-0.0627089,0.375709,0.958137,0.0372911,0.375709,-1.04186,-0.0627088,0.375709,0.958137,-0.0627089,0.375709,-1.04186,0.0372912,0.0757095,0.958137,0.0372911,0.0757095,-1.04186,0.0372912,0.375709,0.958137,0.0372911,0.375709,-1.04186,0.0372912,0.0757095,-1.04186,-0.0627088,0.375709,-1.04186,-0.0627088,0.0757095,-1.04186,0.0372912,0.375709,-1.04186,0.0372912,0.375709,0.958137,0.0372911,0.214279,1.17474,0.0372911,0.0757095,0.958137,0.0372911,0.23714,1.17474,0.0372911,0.214279,1.17474,-0.0627089,0.214279,1.17474,0.0372911,0.23714,1.17474,0.0372911,0.23714,1.17474,-0.0627089,0.375709,0.958137,-0.0627089,0.23714,1.17474,0.0372911,0.375709,0.958137,0.0372911,0.23714,1.17474,-0.0627089,0.0757095,0.958137,-0.0627089,0.214279,1.17474,-0.0627089,0.375709,0.958137,-0.0627089,0.23714,1.17474,-0.0627089,0.214279,1.17474,0.0372911,0.0757095,0.958137,-0.0627089,0.0757095,0.958137,0.0372911,0.214279,1.17474,-0.0627089,-0.374291,0.958137,-0.0627089,-0.374291,-1.04186,-0.0627088,-0.374291,0.958137,0.0372911,-0.374291,-1.04186,0.0372912,-0.374291,-1.04186,-0.0627088,-0.374291,0.958137,-0.0627089,-0.0742914,-1.04186,-0.0627088,-0.0742914,0.958137,-0.0627089,-0.0742914,0.958137,0.0372911,-0.0742914,-1.04186,-0.0627088,-0.0742914,0.958137,-0.0627089,-0.0742914,-1.04186,0.0372912,-0.374291,0.958137,0.0372911,-0.374291,-1.04186,0.0372912,-0.0742914,0.958137,0.0372911,-0.0742914,-1.04186,0.0372912,-0.374291,-1.04186,-0.0627088,-0.0742914,-1.04186,-0.0627088,-0.374291,-1.04186,0.0372912,-0.0742914,-1.04186,0.0372912,-0.0742914,0.958137,0.0372911,-0.235722,1.17474,0.0372911,-0.374291,0.958137,0.0372911,-0.21286,1.17474,0.0372911,-0.235722,1.17474,-0.0627089,-0.235722,1.17474,0.0372911,-0.21286,1.17474,0.0372911,-0.21286,1.17474,-0.0627089,-0.0742914,0.958137,-0.0627089,-0.21286,1.17474,0.0372911,-0.0742914,0.958137,0.0372911,-0.21286,1.17474,-0.0627089,-0.374291,0.958137,-0.0627089,-0.235722,1.17474,-0.0627089,-0.0742914,0.958137,-0.0627089,-0.21286,1.17474,-0.0627089,-0.235722,1.17474,0.0372911,-0.374291,0.958137,-0.0627089,-0.374291,0.958137,0.0372911,-0.235722,1.17474,-0.0627089,-0.824291,0.958137,-0.0627089,-0.824291,-1.04186,-0.0627088,-0.824291,0.958137,0.0372911,-0.824291,-1.04186,0.0372912,-0.824291,-1.04186,-0.0627088,-0.824291,0.958137,-0.0627089,-0.524291,-1.04186,-0.0627088,-0.524291,0.958137,-0.0627089,-0.524291,0.958137,0.0372911,-0.524291,-1.04186,-0.0627088,-0.524291,0.958137,-0.0627089,-0.524291,-1.04186,0.0372912,-0.824291,0.958137,0.0372911,-0.824291,-1.04186,0.0372912,-0.524291,0.958137,0.0372911,-0.524291,-1.04186,0.0372912,-0.824291,-1.04186,-0.0627088,-0.524291,-1.04186,-0.0627088,-0.824291,-1.04186,0.0372912,-0.524291,-1.04186,0.0372912,-0.824291,0.958137,0.0372911,-0.524291,0.958137,0.0372911,-0.662861,1.17474,0.0372911,-0.685722,1.17474,0.0372911,-0.685722,1.17474,-0.0627089,-0.685722,1.17474,0.0372911,-0.662861,1.17474,0.0372911,-0.662861,1.17474,-0.0627089,-0.524291,0.958137,-0.0627089,-0.662861,1.17474,0.0372911,-0.524291,0.958137,0.0372911,-0.662861,1.17474,-0.0627089,-0.824291,0.958137,-0.0627089,-0.685722,1.17474,-0.0627089,-0.524291,0.958137,-0.0627089,-0.662861,1.17474,-0.0627089,-0.685722,1.17474,0.0372911,-0.824291,0.958137,-0.0627089,-0.824291,0.958137,0.0372911,-0.685722,1.17474,-0.0627089]},"normal":{"type":"float32","components":3,