{"model":{"version":3,"nodes":[{"name":"RootNode","position":[0,0,0],"rotation":[0,0,0],"scale":[1,1,1],"scaleCompensation":false},{"name":"Props_Street Light","position":[-15.8247,3.6,10.7763],"rotation":[2.50448e-06,-0,0],"scale":[1,1,1],"scaleCompensation":false}],"parents":[-1,0],"skins":[],"morphs":[],"vertices":[{"position":{"type":"float32","components":3,"data":[-1.19081,2.83949,-0.185885,-1.19081,2.83949,0.19982,-1.11814,2.80792,0.0924473,-1.11814,2.80792,-0.0785125,-1.72664,2.8391,0.283045,-1.19081,2.83949,0.19982,-1.72664,2.8391,-0.26911,-1.19081,2.83949,-0.185885,-1.19039,2.6457,0.19982,-1.11838,2.66056,-0.0785125,-1.11838,2.66056,0.0924473,-1.19039,2.6457,-0.185885,-1.11838,2.66056,-0.0785125,-1.19039,2.6457,-0.185885,-1.11814,2.80792,-0.0785125,-1.19081,2.83949,-0.185885,-1.19039,2.6457,0.19982,-1.11814,2.80792,0.0924473,-1.19081,2.83949,0.19982,-1.11838,2.66056,0.0924473,-1.87095,2.78887,0.185995,-1.72664,2.8391,-0.26911,-1.87095,2.78887,-0.17206,-1.72664,2.8391,0.283045,-1.72622,2.64531,0.283045,-1.19039,2.6457,-0.185885,-1.19039,2.6457,0.19982,-1.72622,2.64531,-0.26911,-1.72622,2.64531,-0.26911,-1.19081,2.83949,-0.185885,-1.19039,2.6457,-0.185885,-1.72664,2.8391,-0.26911,-1.19081,2.83949,0.19982,-1.72622,2.64531,0.283045,-1.19039,2.6457,0.19982,-1.72664,2.8391,0.283045,-1.87114,2.66321,0.185995,-1.87095,2.78887,-0.17206,-1.87114,2.66321,-0.17206,-1.87095,2.78887,0.185995,-1.87114,2.66321,0.185995,-1.72622,2.64531,-0.26911,-1.72622,2.64531,0.283045,-1.87114,2.66321,-0.17206,-1.72622,2.64531,-0.26911,-1.87095,2.78887,-0.17206,-1.72664,2.8391,-0.26911,-1.87114,2.66321,-0.17206,-1.87095,2.78887,0.185995,-1.72622,2.64531,0.283045,-1.72664,2.8391,0.283045,-1.87114,2.66321,0.185995,-1.11838,2.66056,0.0924473,-1.11814,2.80792,-0.0785125,-1.11814,2.80792,0.0924473,-1.11838,2.66056,-0.0785125,0.398172,-3.408,0.298797,0.138364,-3.588,0.148796,0.398172,-3.588,0.298797,0.138364,-3.408,0.148796,0.138364,-3.408,0.148796,0.138364,-3.588,-0.151204,0.138364,-3.588,0.148796,0.138364,-3.408,-0.151204,0.398172,-3.588,-0.301203,0.138364,-3.588,-0.151204,0.398172,-3.408,-0.301203,0.138364,-3.408,-0.151204,0.65798,-3.588,-0.151203,0.398172,-3.588,-0.301203,0.65798,-3.408,-0.151203,0.398172,-3.408,-0.301203,0.575946,-3.408,0.101434,0.398172,-3.408,0.298797,0.65798,-3.408,0.148797,0.398172,-3.408,0.204072,0.398172,-3.408,0.298797,0.65798,-3.588,0.148797,0.65798,-3.408,0.148797,0.398172,-3.588,0.298797,0.65798,-3.408,0.148797,0.65798,-3.588,0.148797,0.65798,-3.588,-0.151203,0.65798,-3.408,-0.151203,0.65798,-3.588,0.148797,0.398172,-3.588,-0.301203,0.65798,-3.588,-0.151203,0.138364,-3.588,-0.151204,0.398172,-3.588,0.298797,0.138364,-3.588,0.148796,0.398172,-2.51331,0.204072,0.398172,-3.408,0.204072,0.575946,-2.51331,0.101435,0.575946,-3.408,0.101434,0.575946,-3.408,0.101434,0.65798,-3.408,-0.151203,0.575946,-3.408,-0.103841,0.65798,-3.408,0.148797,0.398172,-3.408,-0.301203,0.575946,-3.408,-0.103841,0.65798,-3.408,-0.151203,0.398172,-3.408,-0.206479,0.220398,-3.408,-0.103841,0.398172,-3.408,-0.206479,0.398172,-3.408,-0.301203,0.138364,-3.408,-0.151204,0.138364,-3.408,0.148796,0.220398,-3.408,-0.103841,0.138364,-3.408,-0.151204,0.220398,-3.408,0.101434,0.220398,-3.408,0.101434,0.398172,-3.408,0.298797,0.398172,-3.408,0.204072,0.138364,-3.408,0.148796,0.575946,-2.51331,0.101435,0.398172,-2.51331,0.104768,0.398172,-2.51331,0.204072,0.489946,-2.51331,0.0517824,0.575946,-3.408,-0.103841,0.575946,-2.51331,0.101435,0.575946,-3.408,0.101434,0.575946,-2.51331,-0.103841,0.398172,-3.408,-0.206479,0.398172,-2.51331,-0.206479,0.575946,-3.408,-0.103841,0.575946,-2.51331,-0.103841,0.220398,-3.408,-0.103841,0.220398,-2.51331,-0.103841,0.398172,-3.408,-0.206479,0.398172,-2.51331,-0.206479,0.220398,-3.408,0.101434,0.220398,-2.51331,-0.103841,0.220398,-3.408,-0.103841,0.220398,-2.51331,0.101434,0.220398,-2.51331,0.101434,0.220398,-3.408,0.101434,0.398172,-2.51331,0.204072,0.398172,-3.408,0.204072,0.489946,-2.51331,0.0517824,0.575946,-2.51331,-0.103841,0.489946,-2.51331,-0.054189,0.575946,-2.51331,0.101435,0.398172,-2.51331,-0.107175,0.575946,-2.51331,-0.103841,0.398172,-2.51331,-0.206479,0.489946,-2.51331,-0.054189,0.398172,-2.51331,-0.107175,0.398172,-2.51331,-0.206479,0.306398,-2.51331,-0.0541891,0.220398,-2.51331,-0.103841,0.220398,-2.51331,0.101434,0.306398,-2.51331,-0.0541891,0.220398,-2.51331,-0.103841,0.306398,-2.51331,0.0517824,0.398172,-2.51331,0.104768,0.306398,-2.51331,0.0517824,0.220398,-2.51331,0.101434,0.398172,-2.51331,0.204072,0.374778,2.56671,0.104768,0.398172,2.44974,0.104768,0.463263,2.59106,0.0517825,0.489946,2.44974,0.0517825,0.306398,2.44974,0.0517824,0.398172,-2.51331,0.104768,0.398172,2.44974,0.104768,0.306398,-2.51331,0.0517824,0.306398,-2.51331,0.0517824,0.306398,2.44974,-0.054189,0.306398,-2.51331,-0.0541891,0.306398,2.44974,0.0517824,0.306398,-2.51331,-0.0541891,0.398172,2.44974,-0.107175,0.398172,-2.51331,-0.107175,0.306398,2.44974,-0.054189,0.398172,2.44974,-0.107175,0.489946,-2.51331,-0.054189,0.398172,-2.51331,-0.107175,0.489946,2.44974,-0.054189,0.489946,-2.51331,-0.054189,0.489946,2.44974,-0.054189,0.489946,-2.51331,0.0517824,0.489946,2.44974,0.0517825,0.398172,2.44974,0.104768,0.489946,-2.51331,0.0517824,0.489946,2.44974,0.0517825,0.398172,-2.51331,0.104768,0.463263,2.59106,0.0517825,0.353954,2.7348,0.0517825,0.374778,2.56671,0.104768,0.28705,2.67198,0.104768,0.463263,2.59106,0.0517825,0.489946,2.44974,0.0517825,0.463263,2.59106,-0.0541889,0.489946,2.44974,-0.054189,0.398172,2.44974,-0.107175,0.463263,2.59106,-0.0541889,0.489946,2.44974,-0.054189,0.374778,2.56671,-0.107175,0.306398,2.44974,-0.054189,0.374778,2.56671,-0.107175,0.398172,2.44974,-0.107175,0.286293,2.54236,-0.054189,0.306398,2.44974,0.0517824,0.286293,2.54236,-0.054189,0.306398,2.44974,-0.054189,0.286293,2.54236,0.0517824,0.374778,2.56671,0.104768,0.286293,2.54236,0.0517824,0.306398,2.44974,0.0517824,0.398172,2.44974,0.104768,0.353954,2.7348,0.0517825,0.183529,2.8351,0.0517825,0.28705,2.67198,0.104768,0.140837,2.75386,0.104768,0.353954,2.7348,0.0517825,0.463263,2.59106,0.0517825,0.353954,2.7348,-0.0541889,0.463263,2.59106,-0.0541889,0.353954,2.7348,-0.0541889,0.374778,2.56671,-0.107175,0.28705,2.67198,-0.107175,0.463263,2.59106,-0.0541889,0.28705,2.67198,-0.107175,0.286293,2.54236,-0.054189,0.220146,2.60916,-0.054189,0.374778,2.56671,-0.107175,0.286293,2.54236,0.0517824,0.220146,2.60916,-0.054189,0.286293,2.54236,-0.054189,0.220146,2.60916,0.0517824,0.374778,2.56671,0.104768,0.28705,2.67198,0.104768,0.286293,2.54236,0.0517824,0.220146,2.60916,0.0517824,0.183529,2.8351,0.0517825,-1.19828,2.83394,0.0517825,0.140837,2.75386,0.104768,-1.19847,2.74216,0.104768,0.183529,2.8351,0.0517825,0.353954,2.7348,0.0517825,0.183529,2.8351,-0.0541889,0.353954,2.7348,-0.0541889,0.183529,2.8351,-0.0541889,0.28705,2.67198,-0.107175,0.140837,2.75386,-0.107175,0.353954,2.7348,-0.0541889,0.140837,2.75386,-0.107175,0.220146,2.60916,-0.054189,0.0981452,2.67262,-0.054189,0.28705,2.67198,-0.107175,0.220146,2.60916,0.0517824,0.0981452,2.67262,-0.054189,0.220146,2.60916,-0.054189,0.0981452,2.67262,0.0517825,0.28705,2.67198,0.104768,0.140837,2.75386,0.104768,0.220146,2.60916,0.0517824,0.0981452,2.67262,0.0517825,-1.19828,2.83394,0.0517825,-1.19867,2.65039,-0.054189,-1.19867,2.65039,0.0517824,-1.19847,2.74216,0.104768,-1.19847,2.74216,-0.107175,-1.19828,2.83394,-0.0541889,0.183529,2.8351,-0.0541889,-1.19828,2.83394,-0.0541889,0.183529,2.8351,0.0517825,-1.19828,2.83394,0.0517825,-1.19828,2.83394,-0.0541889,0.140837,2.75386,-0.107175,-1.19847,2.74216,-0.107175,0.183529,2.8351,-0.0541889,-1.19847,2.74216,-0.107175,0.0981452,2.67262,-0.054189,-1.19867,2.65039,-0.054189,0.140837,2.75386,-0.107175,-1.19867,2.65039,0.0517824,0.0981452,2.67262,-0.054189,0.0981452,2.67262,0.0517825,-1.19867,2.65039,-0.054189,0.140837,2.75386,0.104768,-1.19847,2.74216,0.104768,0.0981452,2.67262,0.0517825,-1.19867,2.65039,0.0517824]},"normal":{"type":"float32","components":3,