{"model":{"version":3,"nodes":[{"name":"RootNode","position":[0,0,0],"rotation":[0,0,0],"scale":[1,1,1],"scaleCompensation":false},{"name":"Building_Drug Store","position":[-1.85096e-05,2.23267,0.334508],"rotation":[2.50448e-06,-0,0],"scale":[1,1,1],"scaleCompensation":false}],"parents":[-1,0],"skins":[],"morphs":[],"vertices":[{"position":{"type":"float32","components":3,"data":[-5.60339,4.33007,4.0583,-5.60339,2.82684,4.0583,-5.60339,4.33007,4.20651,-5.60339,2.82684,4.20651,5.60343,2.82684,4.0583,-5.60339,2.82684,4.0583,-5.60339,4.33007,4.0583,5.60343,4.33007,4.0583,5.60343,2.82684,4.20651,5.60343,4.33007,4.0583,5.60343,4.33007,4.20651,5.60343,2.82684,4.0583,-5.60339,2.82684,4.20651,5.60343,4.33007,4.20651,-5.60339,4.33007,4.20651,5.60343,2.82684,4.20651,-5.60339,2.82684,4.0583,5.60343,2.82684,4.0583,-5.60339,2.82684,4.20651,5.60343,2.82684,4.20651,5.60343,4.33007,4.0583,-5.60339,4.33007,4.0583,5.60343,4.33007,4.20651,-5.60339,4.33007,4.20651,-5.49491,1.31906,4.07149,-5.49491,1.31906,5.64798,-5.49491,1.54274,5.64798,-5.49491,2.07505,4.07149,5.49495,1.31906,4.07149,-5.49491,1.31906,4.07149,-5.49491,2.07505,4.07149,5.49495,2.07505,4.07149,5.49495,1.31906,4.07149,5.49495,1.54274,5.64798,5.49495,1.31906,5.64798,5.49495,2.07505,4.07149,5.49495,1.54274,5.64798,-5.49491,1.54274,5.64798,-5.49491,1.31906,5.64798,5.49495,1.31906,5.64798,-5.49491,1.31906,4.07149,5.49495,1.31906,4.07149,-5.49491,1.31906,5.64798,5.49495,1.31906,5.64798,5.49495,2.07505,4.07149,-5.49491,2.07505,4.07149,5.49495,1.54274,5.64798,-5.49491,1.54274,5.64798,-4.09278,0.87947,4.1346,-4.09278,-1.36636,4.1346,-4.09278,0.87947,4.23226,-4.09278,-1.36636,4.23226,-2.44978,-1.36636,4.1346,-4.09278,-1.36636,4.1346,-4.09278,0.87947,4.1346,-2.44978,0.87947,4.1346,-2.44978,-1.36636,4.23226,-2.44978,0.87947,4.1346,-2.44978,0.87947,4.23226,-2.44978,-1.36636,4.1346,-4.09278,0.87947,4.23226,-4.09278,-1.36636,4.23226,-2.44978,0.87947,4.23226,-2.44978,-1.36636,4.23226,-4.09278,-1.36636,4.1346,-2.44978,-1.36636,4.1346,-4.09278,-1.36636,4.23226,-2.44978,-1.36636,4.23226,-2.44978,0.87947,4.1346,-4.09278,0.87947,4.1346,-2.44978,0.87947,4.23226,-4.09278,0.87947,4.23226,2.44441,0.87947,4.1346,2.44441,-1.36636,4.1346,2.44441,0.87947,4.23226,2.44441,-1.36636,4.23226,4.08742,-1.36636,4.1346,2.44441,-1.36636,4.1346,2.44441,0.87947,4.1346,4.08742,0.87947,4.1346,4.08742,-1.36636,4.23226,4.08742,0.87947,4.1346,4.08742,0.87947,4.23226,4.08742,-1.36636,4.1346,2.44441,0.87947,4.23226,2.44441,-1.36636,4.23226,4.08742,0.87947,4.23226,4.08742,-1.36636,4.23226,2.44441,-1.36636,4.1346,4.08742,-1.36636,4.1346,2.44441,-1.36636,4.23226,4.08742,-1.36636,4.23226,4.08742,0.87947,4.1346,2.44441,0.87947,4.1346,4.08742,0.87947,4.23226,2.44441,0.87947,4.23226,-5.55419,-2.16894,-4.87886,-5.55419,-2.16894,4.20984,-5.55419,-1.86048,4.20984,-5.55419,-1.86048,-4.87886,5.55422,-2.16894,-4.87886,-5.55419,-2.16894,-4.87886,-5.55419,-1.86048,-4.87886,5.55422,-1.86048,-4.87886,5.55422,-1.86048,4.20984,5.55422,-2.16894,-4.87886,5.55422,-1.86048,-4.87886,5.55422,-2.16894,4.20984,5.55422,-1.86048,4.20984,-5.55419,-1.86048,4.20984,-5.55419,-2.16894,4.20984,5.55422,-2.16894,4.20984,5.55422,-2.16894,4.20984,-5.55419,-2.16894,4.20984,5.55422,-2.16894,-4.87886,-5.55419,-2.16894,-4.87886,-5.55419,-1.86048,4.20984,5.55422,-1.86048,4.20984,-5.55419,-1.86048,-4.87886,5.55422,-1.86048,-4.87886,-1.10386,1.17667,3.96906,-1.10386,-2.16117,4.27877,-1.10386,1.17667,4.27877,-1.10386,-2.16117,3.96906,1.10389,-2.16117,3.96906,-1.10386,-2.16117,3.96906,-1.10386,1.17667,3.96906,1.10389,1.17667,3.96906,1.10389,-2.16117,4.27877,1.10389,1.17667,3.96906,1.10389,1.17667,4.27877,1.10389,-2.16117,3.96906,0.930893,-2.16148,4.27877,-1.10386,-2.16117,4.27877,1.10389,-2.16117,4.27877,-0.930856,-2.16148,4.27877,-1.10386,-2.16117,3.96906,1.10389,-2.16117,3.96906,-1.10386,-2.16117,4.27877,1.10389,-2.16117,4.27877,1.10389,1.17667,3.96906,-1.10386,1.17667,3.96906,1.10389,1.17667,4.27877,-1.10386,1.17667,4.27877,0.930893,-2.16148,4.22387,-0.930856,-2.16148,4.27877,0.930893,-2.16148,4.27877,-0.930856,-2.16148,4.22387,-1.10386,1.17667,4.27877,0.930893,1.00676,4.27877,1.10389,1.17667,4.27877,-0.930856,1.00676,4.27877,1.10389,-2.16117,4.27877,0.930893,-2.16148,4.27877,-1.10386,-2.16117,4.27877,-0.930856,-2.16148,4.27877,-0.930856,-2.16148,4.22387,0.930893,1.00676,4.22387,-0.930856,1.00676,4.22387,0.930893,-2.16148,4.22387,-0.930856,1.00676,4.22387,0.930893,1.00676,4.27877,-0.930856,1.00676,4.27877,0.930893,1.00676,4.22387,0.930893,-2.16148,4.27877,0.930893,1.00676,4.27877,0.930893,1.00676,4.22387,0.930893,-2.16148,4.22387,-0.930856,1.00676,4.27877,-0.930856,-2.16148,4.27877,-0.930856,-2.16148,4.22387,-0.930856,1.00676,4.22387,-5.49998,-2.16664,-4.83451,-5.49998,-2.16664,4.16549,-5.49998,2.26742,4.16549,-5.49998,2.26742,-4.83451,5.50002,-2.16664,-4.83451,-5.49998,-2.16664,-4.83451,-5.49998,2.26742,-4.83451,5.50002,2.26742,-4.83451,5.50002,2.26742,4.16549,5.50002,-2.16664,-4.83451,5.50002,2.26742,-4.83451,5.50002,-2.16664,4.16549,5.50002,2.26742,4.16549,-5.49998,2.26742,4.16549,-5.49998,-2.16664,4.16549,5.50002,-2.16664,4.16549,5.50002,-2.16664,4.16549,-5.49998,-2.16664,4.16549,5.50002,-2.16664,-4.83451,-5.49998,-2.16664,-4.83451,-5.60937,2.26742,4.255,5.50002,2.26742,4.16549,5.60941,2.26742,4.255,-5.49998,2.26742,4.16549,5.60941,2.83861,4.255,-5.60937,2.83861,4.255,-5.60937,2.26742,4.255,5.60941,2.26742,4.255,5.60941,2.26742,-4.92401,5.60941,2.26742,4.255,5.50002,2.26742,4.16549,5.50002,2.26742,-4.83451,5.50002,2.26742,-4.83451,-5.49998,2.26742,-4.83451,-5.60937,2.26742,-4.92401,5.60941,2.26742,-4.92401,-5.49998,2.26742,4.16549,-5.60937,2.26742,-4.92401,-5.49998,2.26742,-4.83451,-5.60937,2.26742,4.255,-5.60937,2.83861,4.255,5.60941,2.83861,4.255,4.96616,2.83861,3.7287,-4.96613,2.83861,3.7287,5.60941,2.83861,4.255,5.60941,2.26742,-4.92401,5.60941,2.83861,-4.92401,5.60941,2.26742,4.255,5.60941,2.26742,-4.92401,-5.60937,2.26742,-4.92401,-5.60937,2.83861,-4.92401,5.60941,2.83861,-4.92401,-5.60937,2.83861,4.255,-5.60937,2.26742,-4.92401,-5.60937,2.26742,4.255,-5.60937,2.83861,-4.92401,4.96616,2.53866,3.7287,-4.96613,2.53866,3.7287,-4.96613,2.83861,3.7287,4.96616,2.83861,3.7287,4.96616,2.83861,3.7287,5.60941,2.83861,-4.92401,4.96616,2.83861,-4.39772,5.60941,2.83861,4.255,-5.60937,2.83861,-4.92401,4.96616,2.83861,-4.39772,5.60941,2.83861,-4.92401,-4.96613,2.83861,-4.39772,-4.96613,2.83861,3.7287,-5.60937,2.83861,-4.92401,-5.60937,2.83861,4.255,-4.96613,2.83861,-4.39772,-4.96613,2.53866,3.7287,4.96616,2.53866,3.7287,-4.96613,2.53866,-4.39772,4.96616,2.53866,-4.39772,4.96616,2.53866,-4.39772,4.96616,2.53866,3.7287,4.96616,2.83861,3.7287,4.96616,2.83861,-4.39772,4.96616,2.83861,-4.39772,-4.96613,2.83861,-4.39772,-4.96613,2.53866,-4.39772,4.96616,2.53866,-4.39772,-4.96613,2.83861,3.7287,-4.96613,2.53866,-4.39772,-4.96613,2.83861,-4.39772,-4.96613,2.53866,3.7287]},"normal":{"type":"float32","components":3,