{"model":{"version":3,"nodes":[{"name":"RootNode","position":[0,0,0],"rotation":[0,0,0],"scale":[1,1,1],"scaleCompensation":false},{"name":"Props_Dustbin","position":[1.79896,0.6,-0.927824],"rotation":[2.50448e-06,-0,0],"scale":[1,1,1],"scaleCompensation":false}],"parents":[-1,0],"skins":[],"morphs":[],"vertices":[{"position":{"type":"float32","components":3,"data":[-0.305235,-0.617752,0.305235,-0.431442,0.382008,0.431442,-0.305235,-0.617752,-0.305235,-0.431442,0.382008,-0.431443,-0.431442,0.382008,0.431442,-0.305235,-0.617752,0.305235,0.431442,0.382008,0.431442,0.305235,-0.617752,0.305235,-0.431442,0.382008,0.431442,-0.466681,0.382008,-0.466682,-0.431442,0.382008,-0.431443,-0.466681,0.382008,0.466682,0.305235,-0.617752,-0.305235,-0.305235,-0.617752,-0.305235,-0.431442,0.382008,-0.431443,0.431442,0.382008,-0.431443,0.305235,-0.617752,0.305235,-0.305235,-0.617752,0.305235,0.305235,-0.617752,-0.305235,-0.305235,-0.617752,-0.305235,0.431442,0.382008,0.431442,0.305235,-0.617752,-0.305235,0.431442,0.382008,-0.431443,0.305235,-0.617752,0.305235,0.466681,0.382008,0.466682,-0.466681,0.382008,0.466682,-0.431442,0.382008,0.431442,0.431442,0.382008,0.431442,0.431442,0.382008,-0.431443,-0.431442,0.382008,-0.431443,-0.466681,0.382008,-0.466682,0.466681,0.382008,-0.466682,-0.466681,0.382008,0.466682,-0.466681,0.495134,-0.466682,-0.466681,0.382008,-0.466682,-0.466681,0.495134,0.466682,0.466681,0.382008,-0.466682,0.466681,0.382008,0.466682,0.431442,0.382008,0.431442,0.431442,0.382008,-0.431443,0.466681,0.495134,0.466682,-0.466681,0.495134,0.466682,-0.466681,0.382008,0.466682,0.466681,0.382008,0.466682,-0.466681,0.495134,-0.466682,0.466681,0.382008,-0.466682,-0.466681,0.382008,-0.466682,0.466681,0.495134,-0.466682,-0.466681,0.495134,-0.466682,0.400836,0.495134,-0.400836,0.466681,0.495134,-0.466682,-0.466681,0.495134,0.466682,-0.400836,0.495134,0.400836,-0.400836,0.495134,-0.400836,-0.466681,0.495134,0.466682,0.466681,0.495134,0.466682,-0.400836,0.495134,0.400836,0.466681,0.495134,-0.466682,0.400836,0.495134,0.400836,0.400836,0.495134,-0.400836,0.466681,0.495134,-0.466682,0.466681,0.495134,0.466682,0.466681,0.382008,0.466682,0.466681,0.382008,-0.466682,-0.400836,0.495134,0.400836,-0.305235,-0.262176,-0.305235,-0.400836,0.495134,-0.400836,-0.305235,-0.262176,0.305235,-0.400836,0.495134,-0.400836,-0.305235,-0.262176,-0.305235,0.400836,0.495134,-0.400836,0.305235,-0.262176,-0.305235,0.305235,-0.262176,0.305235,0.305235,-0.262176,-0.305235,-0.305235,-0.262176,0.305235,-0.305235,-0.262176,-0.305235,0.305235,-0.262176,0.305235,-0.305235,-0.262176,0.305235,-0.400836,0.495134,0.400836,0.400836,0.495134,0.400836,0.305235,-0.262176,0.305235,0.400836,0.495134,0.400836,0.305235,-0.262176,-0.305235,0.400836,0.495134,-0.400836]},"normal":{"type":"float32","components":3,"data":[-0.992126,-0.125244,5.01827e-09,-0.992126,-0.125244,5.01827e-09,-0.992126,-0.125244,5.01827e-09,-0.992126,-0.125244,5.01827e-09,0,-0.125244,0.992126,0,-0.125244,0.992126,0,-0.125244,0.992126,0,-0.125244,0.992126,2.80634e-14,-1,8.82799e-08,2.80634e-14,-1,8.82799e-08,2.80634e-14,-1,8.82799e-08,2.80634e-14,-1,8.82799e-08,0,-0.125244,-0.992126,0,-0.125244,-0.992126,0,-0.125244,-0.992126,0,-0.125244,-0.992126,0,-1,0,0,-1,0,0,-1,0,0,-1,0,0.992126,-0.125244,5.01827e-09,0.992126,-0.125244,5.01827e-09,0.992126,-0.125244,5.01827e-09,0.992126,-0.125244,5.01827e-09,0,-1,-9.4165e-07,0,-1,-9.4165e-07,0,-1,-9.4165e-07,0,-1,-9.4165e-07,0,-1,-9.41651e-07,0,-1,-9.41651e-07,0,-1,-9.41651e-07,0,-1,-9.41651e-07,-1,0,0,-1,0,0,-1,0,0,-1,0,0,-2.80634e-14,-1,8.82799e-08,-2.80634e-14,-1,8.82799e-08,-2.80634e-14,-1,8.82799e-08,-2.80634e-14,-1,8.82799e-08,0,0,1,0,0,1,0,0,1,0,0,1,0,0,-1,0,0,-1,0,0,-1,0,0,-1,-7.7744e-15,1,-2.60866e-07,-7.7744e-15,1,-2.60866e-07,-7.7744e-15,1,-2.60866e-07,-7.7744e-15,1,-2.60866e-07,-7.7744e-15,1,-2.60866e-07,-7.7744e-15,1,-2.60866e-07,7.7744e-15,1,0,7.7744e-15,1,0,7.7744e-15,1,0,7.7744e-15,1,0,7.7744e-15,1,0,7.7744e-15,1,0,1,0,0,1,0,0,1,0,0,1,0,0,0.992126,0.125244,-5.18401e-09,0.992126,0.125244,-5.18401e-09,0.992126,0.125244,-5.18401e-09,0.992126,0.125244,-5.18401e-09,0,0.125244,0.992126,0,0.125244,0.992126,0,0.125244,0.992126,0,0.125244,0.992126,0,1,0,0,1,0,0,1,0,0,1,0,0,0.125244,-0.992126,0,0.125244,-0.992126,0,0.125244,-0.992126,0,0.125244,-0.992126,-0.992126,0.125244,-5.18401e-09,-0.992126,0.125244,-5.18401e-09,-0.992126,0.125244,-5.18401e-09,-0.992126,0.125244,-5.18401e-09]},"texCoord0":{"type":"float32","components":2,"data":[0.406641,0.249609,0.406641,0.199609,0.456641,0.249609,0.456641,0.199609,0.456641,0.199609,0.456641,0.249609,0.406641,0.199609,0.406641,0.249609,0.456641,0.199609,0.406641,0.249609,0.406641,0.199609,0.456641,0.249609,0.456641,0.249609,0.406641,0.249609,0.406641,0.199609,0.456641,0.199609,0.406641,0.249609,0.406641,0.199609,0.456641,0.249609,0.456641,0.199609,0.456641,0.199609,0.406641,0.249609,0.406641,0.199609,0.456641,0.249609,0.456641,0.249609,0.406641,0.249609,0.406641,0.199609,0.456641,0.199609,0.406641,0.199609,0.456641,0.199609,0.456641,0.249609,0.406641,0.249609,0.456641,0.199609,0.406641,0.249609,0.406641,0.199609,0.456641,0.249609,0.456641,0.249609,0.406641,0.249609,0.406641,0.199609,0.456641,0.199609,0.456641,0.249609,0.406641,0.249609,0.406641,0.199609,0.456641,0.199609,0.456641,0.249609,0.406641,0.199609,0.456641,0.199609,0.406641,0.249609,0.40999,0.237109,0.431641,0.199609,0.40999,0.212109,0.431641,0.249609,0.453291,0.237109,0.453291,0.212109,0.431641,0.249609,0.453291,0.237109,0.40999,0.237109,0.453291,0.212109,0.40999,0.212109,0.431641,0.199609,0.456641,0.249609,0.406641,0.249609,0.406641,0.199609,0.456641,0.199609,0.456641,0.199609,0.406641,0.249609,0.406641,0.199609,0.456641,0.249609,0.456641,0.199609,0.456641,0.249609,0.406641,0.199609,0.406641,0.249609,0.456641,0.199609,0.456641,0.249609,0.406641,0.199609,0.406641,0.249609,0.456641,0.249609,0.406641,0.249609,0.406641,0.199609,0.456641,0.199609,0.406641,0.249609,0.406641,0.199609,0.456641,0.249609,0.456641,0.199609]}}],"meshes":[{"aabb":{"min":[-0.466681,-0.617752,-0.466682],"max":[0.466681,0.495134,0.466682]},"vertices":0,"indices":[0,1,2,1,3,2,4,5,6,6,5,7,8,9,10,9,8,11,12,13,14,12,14,15,16,17,18,17,19,18,20,21,22,21,20,23,24,25,26,24,26,27,28,29,30,28,30,31,32,33,34,33,32,35,36,37,38,36,38,39,40,41,42,40,42,43,44,45,46,45,44,47,48,49,50,48,51,52,48,52,53,49,48,53,54,55,56,57,58,55,56,55,58,58,57,59,60,61,62,62,63,60,64,65,66,65,64,67,68,69,70,70,69,71,72,73,74,74,73,75,76,77,78,76,78,79,80,81,82,81,83,82],"type":"triangles","base":0,"count":132}],"meshInstances":[{"node":1,"mesh":0}]}}