{"model":{"version":3,"nodes":[{"name":"RootNode","position":[0,0,0],"rotation":[0,0,0],"scale":[1,1,1],"scaleCompensation":false},{"name":"Props_Roof prop air","position":[0,0,0],"rotation":[2.50448e-06,-0,0],"scale":[1,1,1],"scaleCompensation":false}],"parents":[-1,0],"skins":[],"morphs":[],"vertices":[{"position":{"type":"float32","components":3,"data":[1.34242,-0.0614808,0.366796,1.41986,-0.59374,0.232662,1.34242,-0.59374,0.366796,1.41986,-0.0226126,0.232662,1.57474,-0.0226126,0.232662,1.57474,-0.59374,0.232662,1.41986,-0.59374,0.232662,1.41986,-0.0226126,0.232662,1.65219,-0.59374,0.366796,1.57474,-0.0226126,0.232662,1.65219,-0.0226127,0.366796,1.57474,-0.59374,0.232662,1.57474,-0.59374,0.500929,1.65219,-0.0226127,0.366796,1.57474,-0.0226127,0.500929,1.65219,-0.59374,0.366796,1.34242,-0.0614808,0.366796,1.41986,-0.0226127,0.500929,1.39105,-0.00985105,0.500929,1.33513,-0.105913,0.366796,1.41986,-0.59374,0.500929,1.41986,-0.0226127,0.500929,1.34242,-0.0614808,0.366796,1.34242,-0.59374,0.366796,1.41986,-0.0226127,0.500929,1.57474,-0.59374,0.500929,1.57474,-0.0226127,0.500929,1.41986,-0.59374,0.500929,1.41986,-0.59374,0.500929,1.41986,-0.59374,0.232662,1.57474,-0.59374,0.232662,1.34242,-0.59374,0.366796,1.57474,-0.59374,0.500929,1.65219,-0.59374,0.366796,1.39105,-0.00985105,0.500929,0.660548,-0.0337181,0.500929,1.33513,-0.105913,0.366796,0.660359,-0.11116,0.366796,1.50289,0.0972987,0.500929,1.39105,-0.00985105,0.500929,1.65219,-0.0226127,0.366796,1.50289,0.0972987,0.500929,1.57474,-0.0226127,0.500929,1.55881,0.150874,0.366796,1.55881,0.150874,0.366796,1.65219,-0.0226127,0.366796,1.50289,0.0972987,0.232662,1.57474,-0.0226126,0.232662,1.50289,0.0972987,0.232662,1.39105,-0.00985103,0.232662,1.39105,-0.00985103,0.232662,1.34242,-0.0614808,0.366796,1.33513,-0.105913,0.366796,1.41986,-0.0226126,0.232662,0.660927,0.121166,0.500929,0.660359,-0.11116,0.366796,0.660548,-0.0337181,0.500929,0.661117,0.198608,0.366796,0.660548,-0.033718,0.232662,0.660927,0.121166,0.232662,0.660927,0.121166,0.500929,0.660548,-0.0337181,0.500929,1.55881,0.150874,0.366796,0.661117,0.198608,0.366796,1.50289,0.0972987,0.500929,0.660927,0.121166,0.500929,1.50289,0.0972987,0.232662,0.661117,0.198608,0.366796,1.55881,0.150874,0.366796,0.660927,0.121166,0.232662,0.660927,0.121166,0.232662,0.660548,-0.033718,0.232662,0.660548,-0.033718,0.232662,1.33513,-0.105913,0.366796,0.660359,-0.11116,0.366796,1.39105,-0.00985103,0.232662,1.40843,-0.0261006,-0.117541,1.45287,-0.588811,-0.194503,1.40843,-0.588811,-0.117541,1.45287,-0.00379883,-0.194503,1.54174,-0.58881,-0.194503,1.45287,-0.00379883,-0.194503,1.54174,-0.00379868,-0.194503,1.45287,-0.588811,-0.194503,1.58617,-0.58881,-0.117541,1.54174,-0.00379868,-0.194503,1.58617,-0.0037986,-0.117541,1.54174,-0.58881,-0.194503,1.54174,-0.00379869,-0.0405778,1.54174,-0.58881,-0.0405778,1.58617,-0.58881,-0.117541,1.58617,-0.0037986,-0.117541,0.854172,-0.0515956,-0.11754,1.40843,-0.0261006,-0.117541,1.43634,0.00352338,-0.0405778,1.45287,-0.00379884,-0.0405778,1.45287,-0.588811,-0.0405778,1.45287,-0.00379884,-0.0405778,1.40843,-0.0261006,-0.117541,1.40843,-0.588811,-0.117541,1.45287,-0.00379884,-0.0405778,1.54174,-0.58881,-0.0405778,1.54174,-0.00379869,-0.0405778,1.45287,-0.588811,-0.0405778,1.54174,-0.58881,-0.194503,1.54174,-0.58881,-0.0405778,1.45287,-0.588811,-0.0405778,1.45287,-0.588811,-0.194503,1.40843,-0.588811,-0.117541,1.58617,-0.58881,-0.117541,1.43634,0.00352338,-0.0405778,0.652967,-0.0101723,-0.0405778,0.854172,-0.0515956,-0.11754,0.652858,-0.0546067,-0.11754,1.50051,0.0650035,-0.0405778,1.43634,0.00352338,-0.0405778,1.58617,-0.0037986,-0.117541,1.50051,0.0650035,-0.0405778,1.54174,-0.00379869,-0.0405778,1.53259,0.0957436,-0.117541,1.53259,0.0957436,-0.117541,1.58617,-0.0037986,-0.117541,1.50051,0.0650035,-0.194503,1.54174,-0.00379868,-0.194503,1.50051,0.0650035,-0.194503,1.43634,0.00352339,-0.194503,1.43634,0.00352339,-0.194503,1.40843,-0.0261006,-0.117541,0.854172,-0.0515956,-0.11754,1.45287,-0.00379883,-0.194503,0.652967,-0.0101723,-0.0405778,0.653293,0.123131,-0.11754,0.652858,-0.0546067,-0.11754,0.652967,-0.0101723,-0.194503,0.653185,0.0786963,-0.194503,0.653185,0.0786963,-0.0405778,0.653185,0.0786963,-0.0405778,0.652967,-0.0101723,-0.0405778,1.53259,0.0957436,-0.117541,0.653293,0.123131,-0.11754,1.50051,0.0650035,-0.0405778,0.653185,0.0786963,-0.0405778,1.50051,0.0650035,-0.194503,0.653293,0.123131,-0.11754,1.53259,0.0957436,-0.117541,0.653185,0.0786963,-0.194503,0.653185,0.0786963,-0.194503,0.652967,-0.0101723,-0.194503,0.652967,-0.0101723,-0.194503,1.43634,0.00352339,-0.194503,0.854172,-0.0515956,-0.11754,0.652858,-0.0546067,-0.11754,-1.17126,-0.519275,0.671884,-1.17126,0.559406,-0.740782,-1.17126,-0.519275,-0.740782,-1.17126,0.559406,0.671885,0.73213,-0.519272,-0.740782,-1.17126,-0.519275,-0.740782,-1.17126,0.559406,-0.740782,0.73213,0.55941,-0.740782,0.73213,-0.519272,0.671884,0.73213,0.55941,-0.740782,0.73213,0.55941,0.671885,0.73213,-0.519272,-0.740782,-1.17126,0.559406,0.671885,0.73213,-0.519272,0.671884,0.73213,0.55941,0.671885,-1.17126,-0.519275,0.671884,0.73213,-0.519272,0.671884,-1.17126,-0.519275,-0.740782,0.73213,-0.519272,-0.740782,-1.17126,-0.519275,0.671884,-1.17126,0.559406,0.671885,0.73213,0.55941,0.671885,-1.17126,0.559406,-0.740782,0.73213,0.55941,-0.740782]},"normal":{"type":"float32","components":3,