{"model":{"version":3,"nodes":[{"name":"RootNode","position":[0,0,0],"rotation":[0,0,0],"scale":[0.0254,0.0254,0.0254],"scaleCompensation":false},{"name":"Props_Traffic Control Barrier Fence","position":[-1.30835,-0.00974274,6.11954e-07],"rotation":[0,0,0],"scale":[39.3701,39.3701,39.3701],"scaleCompensation":false}],"parents":[-1,0],"skins":[],"morphs":[],"vertices":[{"position":{"type":"float32","components":3,"data":[1.2,1.99591,-0.09,1.2,-0.00409281,-0.0899999,1.2,1.99591,0.09,1.2,-0.00409281,0.0900001,1.2,-0.00409281,-0.0899999,1.2,1.99591,-0.09,1.4,-0.00409281,-0.0899999,1.4,1.99591,-0.09,1.4,1.99591,0.09,1.4,-0.00409281,-0.0899999,1.4,1.99591,-0.09,1.4,-0.00409281,0.0900001,1.2,-0.00409281,0.0900001,1.4,1.99591,0.09,1.2,1.99591,0.09,1.4,-0.00409281,0.0900001,1.4,-0.00409281,0.0900001,1.2,-0.00409281,0.0900001,1.4,-0.00409281,-0.0899999,1.2,-0.00409281,-0.0899999,1.2,1.99591,0.09,1.4,1.99591,0.09,1.2,1.99591,-0.09,1.4,1.99591,-0.09,-1.4,1.99591,-0.09,-1.4,-0.00409281,-0.0899999,-1.4,1.99591,0.09,-1.4,-0.00409281,0.0900001,-1.4,-0.00409281,-0.0899999,-1.4,1.99591,-0.09,-1.2,-0.00409281,-0.0899999,-1.2,1.99591,-0.09,-1.2,1.99591,0.09,-1.2,-0.00409281,-0.0899999,-1.2,1.99591,-0.09,-1.2,-0.00409281,0.0900001,-1.4,1.99591,0.09,-1.4,-0.00409281,0.0900001,-1.2,1.99591,0.09,-1.2,-0.00409281,0.0900001,-1.2,-0.00409281,0.0900001,-1.4,-0.00409281,0.0900001,-1.2,-0.00409281,-0.0899999,-1.4,-0.00409281,-0.0899999,-1.4,1.99591,0.09,-1.2,1.99591,0.09,-1.4,1.99591,-0.09,-1.2,1.99591,-0.09,-1.8,2.04342,-0.1,-1.8,1.64342,-0.1,-1.8,2.04342,0.1,-1.8,1.64342,0.1,1.8,1.64342,-0.1,-1.8,1.64342,-0.1,-1.8,2.04342,-0.1,1.8,2.04342,-0.1,1.8,2.04342,0.1,1.8,1.64342,-0.1,1.8,2.04342,-0.1,1.8,1.64342,0.1,1.8,2.04342,0.1,-1.8,2.04342,0.1,-1.8,1.64342,0.1,1.8,1.64342,0.1,-1.8,1.64342,-0.1,1.8,1.64342,-0.1,-1.8,1.64342,0.1,1.8,1.64342,0.1,1.8,2.04342,-0.1,-1.8,2.04342,-0.1,1.8,2.04342,0.1,-1.8,2.04342,0.1]},"normal":{"type":"float32","components":3,"data":[-1,0,0,-1,0,0,-1,0,0,-1,0,0,0,-4.47035e-08,-1,0,-4.47035e-08,-1,0,-4.47035e-08,-1,0,-4.47035e-08,-1,1,0,0,1,0,0,1,0,0,1,0,0,0,4.47035e-08,1,0,4.47035e-08,1,0,4.47035e-08,1,0,4.47035e-08,1,0,-1,0,0,-1,0,0,-1,0,0,-1,0,0,1,0,0,1,0,0,1,0,0,1,0,-1,0,0,-1,0,0,-1,0,0,-1,0,0,0,-4.47035e-08,-1,0,-4.47035e-08,-1,0,-4.47035e-08,-1,0,-4.47035e-08,-1,1,0,0,1,0,0,1,0,0,1,0,0,0,4.47035e-08,1,0,4.47035e-08,1,0,4.47035e-08,1,0,4.47035e-08,1,0,-1,0,0,-1,0,0,-1,0,0,-1,0,0,1,0,0,1,0,0,1,0,0,1,0,-1,0,0,-1,0,0,-1,0,0,-1,0,0,0,-3.72529e-08,-1,0,-3.72529e-08,-1,0,-3.72529e-08,-1,0,-3.72529e-08,-1,1,0,0,1,0,0,1,0,0,1,0,0,0,3.72529e-08,1,0,3.72529e-08,1,0,3.72529e-08,1,0,3.72529e-08,1,0,-1,0,0,-1,0,0,-1,0,0,-1,0,0,1,0,0,1,0,0,1,0,0,1,0]},"texCoord0":{"type":"float32","components":2,"data":[0.602892,0.625039,0.602892,0.625039,0.602892,0.625039,0.602892,0.625039,0.602892,0.625039,0.602892,0.625039,0.602892,0.625039,0.602892,0.625039,0.602892,0.625039,0.602892,0.625039,0.602892,0.625039,0.602892,0.625039,0.602892,0.625039,0.602892,0.625039,0.602892,0.625039,0.602892,0.625039,0.602892,0.625039,0.602892,0.625039,0.602892,0.625039,0.602892,0.625039,0.602892,0.625039,0.602892,0.625039,0.602892,0.625039,0.602892,0.625039,0.602892,0.625039,0.602892,0.625039,0.602892,0.625039,0.602892,0.625039,0.602892,0.625039,0.602892,0.625039,0.602892,0.625039,0.602892,0.625039,0.602892,0.625039,0.602892,0.625039,0.602892,0.625039,0.602892,0.625039,0.602892,0.625039,0.602892,0.625039,0.602892,0.625039,0.602892,0.625039,0.602892,0.625039,0.602892,0.625039,0.602892,0.625039,0.602892,0.625039,0.602892,0.625039,0.602892,0.625039,0.602892,0.625039,0.602892,0.625039,0.0629978,0.657536,0.0629978,0.600041,0.0629978,0.657536,0.0629978,0.600041,0.580458,0.600041,0.0629978,0.600041,0.0629978,0.657536,0.580458,0.657536,0.580458,0.657536,0.580458,0.600041,0.580458,0.657536,0.580458,0.600041,0.580458,0.657536,0.0629978,0.657536,0.0629978,0.600041,0.580458,0.600041,0.0629978,0.600041,0.580458,0.600041,0.0629978,0.600041,0.580458,0.600041,0.580458,0.657536,0.0629978,0.657536,0.580458,0.657536,0.0629978,0.657536]}}],"meshes":[{"aabb":{"min":[-1.8,-0.00409281,-0.1],"max":[1.8,2.04342,0.1]},"vertices":0,"indices":[0,1,2,3,2,1,4,5,6,6,5,7,8,9,10,9,8,11,12,13,14,13,12,15,16,17,18,17,19,18,20,21,22,21,23,22,24,25,26,27,26,25,28,29,30,30,29,31,32,33,34,33,32,35,36,37,38,38,37,39,40,41,42,41,43,42,44,45,46,45,47,46,48,49,50,51,50,49,52,53,54,52,54,55,56,57,58,57,56,59,60,61,62,60,62,63,64,65,66,67,66,65,68,69,70,71,70,69],"type":"triangles","base":0,"count":108}],"meshInstances":[{"node":1,"mesh":0}]}}