{"model":{"version":3,"nodes":[{"name":"RootNode","position":[0,0,0],"rotation":[0,0,0],"scale":[1,1,1],"scaleCompensation":false},{"name":"Props_Roof Helipad","position":[-6.34829,0.631189,-0.00721636],"rotation":[2.50448e-06,-0,0],"scale":[1,1,1],"scaleCompensation":false}],"parents":[-1,0],"skins":[],"morphs":[],"vertices":[{"position":{"type":"float32","components":3,"data":[2.48807e-08,0.15276,-3.88806,1.32979,-0.331253,-3.65358,2.48807e-08,-0.331253,-3.88806,1.32979,0.15276,-3.65358,1.32979,0.15276,-3.65358,2.49919,-0.331253,-2.97842,1.32979,-0.331253,-3.65358,2.49919,0.15276,-2.97842,3.36716,-0.331253,-1.94403,2.49919,0.15276,-2.97842,3.36716,0.15276,-1.94403,2.49919,-0.331253,-2.97842,3.82899,-0.331253,-0.675154,3.36716,0.15276,-1.94403,3.82899,0.15276,-0.675154,3.36716,-0.331253,-1.94403,3.82899,-0.331253,0.675154,3.82899,0.15276,-0.675154,3.82899,0.15276,0.675154,3.82899,-0.331253,-0.675154,3.36716,-0.331252,1.94403,3.82899,0.15276,0.675154,3.36716,0.15276,1.94403,3.82899,-0.331253,0.675154,2.49919,-0.331252,2.97842,3.36716,0.15276,1.94403,2.49919,0.15276,2.97842,3.36716,-0.331252,1.94403,2.49919,0.15276,2.97842,1.32979,-0.331252,3.65358,2.49919,-0.331252,2.97842,1.32979,0.15276,3.65358,1.32979,0.15276,3.65358,6.11961e-07,-0.331252,3.88806,1.32979,-0.331252,3.65358,6.11961e-07,0.15276,3.88806,-1.32979,0.15276,3.65358,6.11961e-07,-0.331252,3.88806,6.11961e-07,0.15276,3.88806,-1.32979,-0.331252,3.65358,-2.49919,0.15276,2.97842,-1.32979,-0.331252,3.65358,-1.32979,0.15276,3.65358,-2.49919,-0.331252,2.97842,-2.49919,0.15276,2.97842,-3.36715,0.15276,1.94403,-2.49919,-0.331252,2.97842,-3.36715,-0.331252,1.94403,-3.36715,0.15276,1.94403,-3.82899,0.15276,0.675155,-3.36715,-0.331252,1.94403,-3.82899,-0.331253,0.675155,-3.82899,0.15276,0.675155,-3.82899,0.15276,-0.675152,-3.82899,-0.331253,0.675155,-3.82899,-0.331253,-0.675152,-3.82899,0.15276,-0.675152,-3.36716,0.15276,-1.94403,-3.82899,-0.331253,-0.675152,-3.36716,-0.331253,-1.94403,-3.36716,0.15276,-1.94403,-2.4992,0.15276,-2.97842,-3.36716,-0.331253,-1.94403,-2.4992,-0.331253,-2.97842,3.56937,0.15276,-0.629376,3.56937,0.15276,0.629377,3.82899,0.15276,0.675154,3.82899,0.15276,-0.675154,-1.3298,0.15276,-3.65358,2.48807e-08,0.15276,-3.88806,-1.3298,-0.331253,-3.65358,2.48807e-08,-0.331253,-3.88806,-2.4992,0.15276,-2.97842,-1.3298,0.15276,-3.65358,-2.4992,-0.331253,-2.97842,-1.3298,-0.331253,-3.65358,-2.4992,-0.331253,-2.97842,2.49919,-0.331252,2.97842,-3.82899,-0.331253,0.675155,3.82899,-0.331253,0.675154,2.49919,-0.331253,-2.97842,-2.49919,-0.331252,2.97842,-1.32979,-0.331252,3.65358,2.48807e-08,-0.331253,-3.88806,1.32979,-0.331253,-3.65358,3.82899,-0.331253,-0.675154,3.36716,-0.331253,-1.94403,3.36716,-0.331252,1.94403,6.11961e-07,-0.331252,3.88806,1.32979,-0.331252,3.65358,-3.36715,-0.331252,1.94403,-3.36716,-0.331253,-1.94403,-3.82899,-0.331253,-0.675152,-1.3298,-0.331253,-3.65358,3.56937,0.344903,-0.629376,3.56937,0.344903,0.629377,3.56937,0.15276,0.629377,3.56937,0.15276,-0.629376,-3.36716,0.15276,-1.94403,-2.32974,0.15276,-2.77648,-2.4992,0.15276,-2.97842,-3.13885,0.15276,-1.81222,1.32979,0.15276,-3.65358,2.18396e-09,0.15276,-3.62443,1.23963,0.15276,-3.40585,2.48807e-08,0.15276,-3.88806,2.49919,0.15276,2.97842,1.23963,0.15276,3.40585,1.32979,0.15276,3.65358,2.32974,0.15276,2.77648,-1.23963,0.15276,3.40585,-2.32974,0.15276,2.77648,-2.49919,0.15276,2.97842,-1.32979,0.15276,3.65358,2.49919,0.15276,-2.97842,3.13885,0.15276,-1.81222,3.36716,0.15276,-1.94403,2.32974,0.15276,-2.77648,-3.82899,0.15276,0.675155,-3.56937,0.15276,-0.629375,-3.82899,0.15276,-0.675152,-3.56937,0.15276,0.629378,-2.32974,0.15276,-2.77648,-1.23963,0.15276,-3.40585,-1.3298,0.15276,-3.65358,-2.4992,0.15276,-2.97842,3.13885,0.15276,1.81222,3.82899,0.15276,0.675154,3.56937,0.15276,0.629377,3.36716,0.15276,1.94403,1.23963,0.15276,3.40585,6.11961e-07,0.15276,3.88806,1.32979,0.15276,3.65358,5.49458e-07,0.15276,3.62443,-2.32974,0.15276,2.77648,-3.13885,0.15276,1.81222,-3.36715,0.15276,1.94403,-2.49919,0.15276,2.97842,3.82899,0.15276,-0.675154,3.36716,0.15276,-1.94403,3.13885,0.15276,-1.81222,3.56937,0.15276,-0.629376,-3.82899,0.15276,-0.675152,-3.13885,0.15276,-1.81222,-3.36716,0.15276,-1.94403,-3.56937,0.15276,-0.629375,-1.23963,0.15276,-3.40585,2.18396e-09,0.15276,-3.62443,2.48807e-08,0.15276,-3.88806,-1.3298,0.15276,-3.65358,2.32974,0.15276,2.77648,3.36716,0.15276,1.94403,3.13885,0.15276,1.81222,2.49919,0.15276,2.97842,-1.32979,0.15276,3.65358,6.11961e-07,0.15276,3.88806,5.49458e-07,0.15276,3.62443,-1.23963,0.15276,3.40585,1.23963,0.15276,-3.40585,2.49919,0.15276,-2.97842,1.32979,0.15276,-3.65358,2.32974,0.15276,-2.77648,-3.56937,0.15276,0.629378,-3.36715,0.15276,1.94403,-3.13885,0.15276,1.81222,-3.82899,0.15276,0.675155,-1.23963,0.344902,-3.40585,-1.23963,0.344903,3.40585,1.23963,0.344902,-3.40585,-3.56937,0.344903,0.629378,2.32974,0.344902,-2.77648,2.32974,0.344903,2.77648,3.56937,0.344903,0.629377,2.18396e-09,0.344902,-3.62443,-3.13885,0.344902,-1.81222,-2.32974,0.344902,-2.77648,-3.56937,0.344903,-0.629375,-2.32974,0.344903,2.77648,-3.13885,0.344903,1.81222,5.49458e-07,0.344903,3.62443,1.23963,0.344903,3.40585,3.13885,0.344903,1.81222,3.56937,0.344903,-0.629376,3.13885,0.344902,-1.81222,-3.13885,0.15276,-1.81222,-2.32974,0.344902,-2.77648,-2.32974,0.15276,-2.77648,-3.13885,0.344902,-1.81222,2.32974,0.344902,-2.77648,3.13885,0.344902,-1.81222,3.13885,0.15276,-1.81222,2.32974,0.15276,-2.77648,-3.56937,0.15276,0.629378,-3.56937,0.344903,-0.629375,-3.56937,0.15276,-0.629375,-3.56937,0.344903,0.629378,1.23963,0.15276,-3.40585,2.18396e-09,0.15276,-3.62443,2.18396e-09,0.344902,-3.62443,1.23963,0.344902,-3.40585,-2.32974,0.15276,2.77648,-3.13885,0.344903,1.81222,-3.13885,0.15276,1.81222,-2.32974,0.344903,2.77648,-1.23963,0.344903,3.40585,5.49458e-07,0.15276,3.62443,5.49458e-07,0.344903,3.62443,-1.23963,0.15276,3.40585,2.32974,0.344903,2.77648,1.23963,0.344903,3.40585,1.23963,0.15276,3.40585,2.32974,0.15276,2.77648,-2.32974,0.15276,-2.77648,-1.23963,0.344902,-3.40585,-1.23963,0.15276,-3.40585,-2.32974,0.344902,-2.77648,3.56937,0.344903,0.629377,3.13885,0.344903,1.81222,3.13885,0.15276,1.81222,3.56937,0.15276,0.629377,3.13885,0.344902,-1.81222,3.56937,0.344903,-0.629376,3.56937,0.15276,-0.629376,3.13885,0.15276,-1.81222,-3.56937,0.15276,-0.629375,-3.13885,0.344902,-1.81222,-3.13885,0.15276,-1.81222,-3.56937,0.344903,-0.629375,2.32974,0.15276,-2.77648,1.23963,0.15276,-3.40585,1.23963,0.344902,-3.40585,2.32974,0.344902,-2.77648,-3.13885,0.15276,1.81222,-3.56937,0.344903,0.629378,-3.56937,0.15276,0.629378,-3.13885,0.344903,1.81222,-2.32974,0.344903,2.77648,-1.23963,0.15276,3.40585,-1.23963,0.344903,3.40585,-2.32974,0.15276,2.77648,1.23963,0.344903,3.40585,5.49458e-07,0.344903,3.62443,5.49458e-07,0.15276,3.62443,1.23963,0.15276,3.40585,-1.23963,0.15276,-3.40585,2.18396e-09,0.344902,-3.62443,2.18396e-09,0.15276,-3.62443,-1.23963,0.344902,-3.40585,3.13885,0.344903,1.81222,2.32974,0.344903,2.77648,2.32974,0.15276,2.77648,3.13885,0.15276,1.81222]},"normal":{"type":"float32","components":3,