{"model":{"version":3,"nodes":[{"name":"RootNode","position":[0,0,0],"rotation":[0,0,0],"scale":[1,1,1],"scaleCompensation":false},{"name":"Natures_Pot Bush_big","position":[0,0,0],"rotation":[2.50448e-06,-0,0],"scale":[1,1,1],"scaleCompensation":false}],"parents":[-1,0],"skins":[],"morphs":[],"vertices":[{"position":{"type":"float32","components":3,"data":[-0.135419,-0.213652,0.0932669,-0.164108,-0.146593,-0.134263,0.0550503,-0.273786,-0.046561,-0.135419,-0.213652,0.0932669,-0.343554,0.173208,-9.15452e-05,-0.164108,-0.146593,-0.134263,-0.343554,0.173208,-9.15452e-05,-0.264389,0.405723,-0.22318,-0.164108,-0.146593,-0.134263,0.0550503,-0.273786,-0.046561,-0.0564756,0.119024,-0.326157,0.194652,-0.105707,-0.16048,-0.0564756,0.119024,-0.326157,0.0179754,0.723745,-0.228549,0.169043,0.33744,-0.289423,0.169043,0.33744,-0.289423,0.314278,0.335452,-0.112577,0.194652,-0.105707,-0.16048,0.0305963,0.713074,0.232134,-0.257454,0.226421,0.213285,-0.0587409,0.0603158,0.319756,-0.178297,0.699784,0.155729,0.275289,0.015677,0.0984714,0.165268,0.335452,0.289976,0.122317,-0.115678,0.205651,0.0550503,-0.273786,-0.046561,0.275289,0.015677,0.0984714,0.122317,-0.115678,0.205651,0.0305963,0.713074,0.232134,-0.0374079,0.854691,-0.0249866,-0.178297,0.699784,0.155729,-0.219413,0.7138,-9.16362e-05,-0.0374079,0.854691,-0.0249866,-0.264389,0.405723,-0.22318,-0.257454,0.226421,0.213285,-0.178297,0.699784,0.155729,-0.343554,0.173208,-9.15452e-05,-0.343554,0.173208,-9.15452e-05,-0.219413,0.7138,-9.16362e-05,-0.264389,0.405723,-0.22318,-0.264389,0.405723,-0.22318,-0.0374079,0.854691,-0.0249866,0.0179754,0.723745,-0.228549,0.0550503,-0.273786,-0.046561,-0.164108,-0.146593,-0.134263,-0.0564756,0.119024,-0.326157,-0.164108,-0.146593,-0.134263,-0.264389,0.405723,-0.22318,-0.0564756,0.119024,-0.326157,-0.0564756,0.119024,-0.326157,-0.264389,0.405723,-0.22318,0.0179754,0.723745,-0.228549,0.194652,-0.105707,-0.16048,-0.0564756,0.119024,-0.326157,0.169043,0.33744,-0.289423,0.169043,0.33744,-0.289423,0.0179754,0.723745,-0.228549,0.314278,0.335452,-0.112577,0.196089,0.752972,-0.0330218,0.196089,0.752972,-0.0330218,0.0179754,0.723745,-0.228549,-0.0374079,0.854691,-0.0249866,0.194652,-0.105707,-0.16048,0.314278,0.335452,-0.112577,0.275289,0.015677,0.0984714,0.314278,0.335452,-0.112577,0.196089,0.752972,-0.0330218,0.298086,0.501913,0.1063,0.0550503,-0.273786,-0.046561,0.194652,-0.105707,-0.16048,0.275289,0.015677,0.0984714,0.275289,0.015677,0.0984714,0.314278,0.335452,-0.112577,0.298086,0.501913,0.1063,0.165268,0.335452,0.289976,0.298086,0.501913,0.1063,0.0305963,0.713074,0.232134,0.298086,0.501913,0.1063,0.196089,0.752972,-0.0330218,0.0305963,0.713074,0.232134,0.0305963,0.713074,0.232134,0.196089,0.752972,-0.0330218,-0.0374079,0.854691,-0.0249866,0.275289,0.015677,0.0984714,0.298086,0.501913,0.1063,0.165268,0.335452,0.289976,0.122317,-0.115678,0.205651,0.165268,0.335452,0.289976,-0.0587409,0.0603158,0.319756,0.0550503,-0.273786,-0.046561,0.122317,-0.115678,0.205651,-0.135419,-0.213652,0.0932669,-0.0587409,0.0603158,0.319756,0.165268,0.335452,0.289976,0.0305963,0.713074,0.232134,-0.135419,-0.213652,0.0932669,0.122317,-0.115678,0.205651,-0.0587409,0.0603158,0.319756,-0.135419,-0.213652,0.0932669,-0.0587409,0.0603158,0.319756,-0.257454,0.226421,0.213285,-0.343554,0.173208,-9.15452e-05,-0.178297,0.699784,0.155729,-0.219413,0.7138,-9.16362e-05,-0.219413,0.7138,-9.16362e-05,-0.178297,0.699784,0.155729,-0.0374079,0.854691,-0.0249866,-0.135419,-0.213652,0.0932669,-0.257454,0.226421,0.213285,-0.343554,0.173208,-9.15452e-05,-0.300099,-0.462043,0.299909,-0.364234,-0.0620432,-0.364227,-0.300099,-0.462043,-0.300092,-0.364234,-0.0620431,0.364043,0.299901,-0.462043,-0.300092,-0.300099,-0.462043,-0.300092,-0.364234,-0.0620432,-0.364227,0.364036,-0.0620432,-0.364227,0.299901,-0.462043,0.299909,0.364036,-0.0620432,-0.364227,0.364036,-0.0620431,0.364043,0.299901,-0.462043,-0.300092,-0.300099,-0.462043,0.299909,0.364036,-0.0620431,0.364043,-0.364234,-0.0620431,0.364043,0.299901,-0.462043,0.299909,0.299901,-0.462043,0.299909,-0.300099,-0.462043,0.299909,0.299901,-0.462043,-0.300092,-0.300099,-0.462043,-0.300092,-0.364234,-0.0620431,0.364043,0.364036,-0.0620431,0.364043,0.279971,-0.0620431,0.279978,-0.280169,-0.0620431,0.279978,0.279971,-0.161037,0.279978,-0.280169,-0.161037,0.279978,-0.280169,-0.0620431,0.279978,0.279971,-0.0620431,0.279978,0.364036,-0.0620431,0.364043,0.364036,-0.0620432,-0.364227,0.279971,-0.0620432,-0.280161,0.279971,-0.0620431,0.279978,0.364036,-0.0620432,-0.364227,-0.364234,-0.0620432,-0.364227,-0.280169,-0.0620432,-0.280161,0.279971,-0.0620432,-0.280161,-0.364234,-0.0620432,-0.364227,-0.364234,-0.0620431,0.364043,-0.280169,-0.0620431,0.279978,-0.280169,-0.0620432,-0.280161,-0.280169,-0.161037,0.279978,0.279971,-0.161037,0.279978,-0.280169,-0.161038,-0.280161,0.279971,-0.161038,-0.280161,0.279971,-0.161037,0.279978,0.279971,-0.0620432,-0.280161,0.279971,-0.161038,-0.280161,0.279971,-0.0620431,0.279978,-0.280169,-0.161038,-0.280161,0.279971,-0.0620432,-0.280161,-0.280169,-0.0620432,-0.280161,0.279971,-0.161038,-0.280161,-0.280169,-0.161037,0.279978,-0.280169,-0.0620432,-0.280161,-0.280169,-0.0620431,0.279978,-0.280169,-0.161038,-0.280161]},"normal":{"type":"float32","components":3,