{"model":{"version":3,"nodes":[{"name":"RootNode","position":[0,0,0],"rotation":[0,0,0],"scale":[1,1,1],"scaleCompensation":false},{"name":"Props_BillBoard_small","position":[15.67,3.62796,1.15199],"rotation":[2.50448e-06,-0,0],"scale":[1,1,1],"scaleCompensation":false}],"parents":[-1,0],"skins":[],"morphs":[],"vertices":[{"position":{"type":"float32","components":3,"data":[-0.807022,1.30914,-0.0834246,-0.807022,-1.01158,-0.0834245,-0.807022,1.30914,0.0896838,-0.807022,-1.01158,0.0896839,0.807022,-1.01158,-0.0834245,-0.807022,-1.01158,-0.0834245,-0.807022,1.30914,-0.0834246,0.807022,1.30914,-0.0834246,0.807022,1.30914,0.0896838,0.807022,-1.01158,-0.0834245,0.807022,1.30914,-0.0834246,0.807022,-1.01158,0.0896839,-0.807022,-1.01158,0.0896839,0.807022,-1.01158,0.0896839,0.744969,-0.922356,0.0896839,-0.744969,-0.922356,0.0896839,-0.807022,-1.01158,0.0896839,0.351363,-1.01158,0.0626986,0.807022,-1.01158,0.0896839,-0.351363,-1.01158,0.0626986,0.807022,1.30914,-0.0834246,-0.807022,1.30914,-0.0834246,0.807022,1.30914,0.0896838,-0.807022,1.30914,0.0896838,-0.351363,-1.26518,0.0626986,0.351363,-1.01158,0.0626986,-0.351363,-1.01158,0.0626986,0.351363,-1.26518,0.0626986,0.807022,-1.01158,0.0896839,0.351363,-1.01158,-0.0564392,0.807022,-1.01158,-0.0834245,0.351363,-1.01158,0.0626986,0.807022,-1.01158,-0.0834245,-0.351363,-1.01158,-0.0564392,-0.807022,-1.01158,-0.0834245,0.351363,-1.01158,-0.0564392,-0.807022,-1.01158,-0.0834245,-0.351363,-1.01158,-0.0564392,-0.807022,-1.01158,0.0896839,-0.351363,-1.01158,0.0626986,0.570708,-1.26518,0.149859,-0.351363,-1.26518,0.0626986,-0.570708,-1.26518,0.149859,0.351363,-1.26518,0.0626986,0.351363,-1.01158,0.0626986,0.351363,-1.26518,-0.0564392,0.351363,-1.01158,-0.0564392,0.351363,-1.26518,0.0626986,0.351363,-1.26518,-0.0564392,-0.351363,-1.26518,-0.0564392,-0.351363,-1.01158,-0.0564392,0.351363,-1.01158,-0.0564392,-0.351363,-1.01158,-0.0564392,-0.351363,-1.26518,-0.0564392,-0.351363,-1.01158,0.0626986,-0.351363,-1.26518,0.0626986,0.570708,-1.26518,0.149859,-0.570708,-1.26518,0.149859,-0.570708,-1.31442,0.149859,0.570708,-1.31442,0.149859,0.570708,-1.26518,0.149859,0.351363,-1.26518,-0.0564392,0.351363,-1.26518,0.0626986,0.570708,-1.26518,-0.143599,-0.570708,-1.26518,-0.143599,-0.351363,-1.26518,-0.0564392,-0.570708,-1.26518,0.149859,-0.351363,-1.26518,0.0626986,-0.570708,-1.31442,-0.143599,0.570708,-1.31442,-0.143599,-0.570708,-1.31442,0.149859,0.570708,-1.31442,0.149859,0.570708,-1.31442,0.149859,0.570708,-1.26518,-0.143599,0.570708,-1.26518,0.149859,0.570708,-1.31442,-0.143599,0.570708,-1.31442,-0.143599,-0.570708,-1.31442,-0.143599,-0.570708,-1.26518,-0.143599,0.570708,-1.26518,-0.143599,-0.570708,-1.31442,-0.143599,-0.570708,-1.31442,0.149859,-0.570708,-1.26518,0.149859,-0.570708,-1.26518,-0.143599,-0.744969,-0.922356,0.0896839,0.744969,-0.922356,0.0896839,0.744969,-0.922356,0.0776757,-0.744969,-0.922356,0.0776757,0.807022,1.30914,0.0896838,-0.807022,1.30914,0.0896838,-0.744969,1.21992,0.0896838,0.744969,1.21992,0.0896838,0.807022,1.30914,0.0896838,0.744969,-0.922356,0.0896839,0.807022,-1.01158,0.0896839,0.744969,1.21992,0.0896838,-0.807022,1.30914,0.0896838,-0.807022,-1.01158,0.0896839,-0.744969,-0.922356,0.0896839,-0.744969,1.21992,0.0896838,-0.744969,-0.922356,0.0776757,0.744969,1.21992,0.0776757,-0.744969,1.21992,0.0776757,0.744969,-0.922356,0.0776757,0.744969,1.21992,0.0896838,-0.744969,1.21992,0.0896838,-0.744969,1.21992,0.0776757,0.744969,1.21992,0.0776757,0.744969,1.21992,0.0896838,0.744969,-0.922356,0.0776757,0.744969,-0.922356,0.0896839,0.744969,1.21992,0.0776757,-0.744969,1.21992,0.0896838,-0.744969,-0.922356,0.0896839,-0.744969,-0.922356,0.0776757,-0.744969,1.21992,0.0776757]},"normal":{"type":"float32","components":3,"data":[-1,0,0,-1,0,0,-1,0,0,-1,0,0,0,-4.49466e-08,-1,0,-4.49466e-08,-1,0,-4.49466e-08,-1,0,-4.49466e-08,-1,1,0,0,1,0,0,1,0,0,1,0,0,0,8.35064e-08,1,0,8.35064e-08,1,0,8.35064e-08,1,0,8.35064e-08,1,0,-1,-1.90678e-06,0,-1,-1.90678e-06,0,-1,-1.90678e-06,0,-1,-1.90678e-06,0,1,0,0,1,0,0,1,0,0,1,0,0,2.93785e-08,1,0,2.93785e-08,1,0,2.93785e-08,1,0,2.93785e-08,1,0,-1,0,0,-1,0,0,-1,0,0,-1,0,0,-1,1.90678e-06,0,-1,1.90678e-06,0,-1,1.90678e-06,0,-1,1.90678e-06,0,-1,0,0,-1,0,0,-1,0,0,-1,0,0,1,0,0,1,0,0,1,0,0,1,0,1,0,0,1,0,0,1,0,0,1,0,0,0,-4.40677e-08,-1,0,-4.40677e-08,-1,0,-4.40677e-08,-1,0,-4.40677e-08,-1,-1,0,0,-1,0,0,-1,0,0,-1,0,0,0,0,1,0,0,1,0,0,1,0,0,1,0,1,0,0,1,0,0,1,0,0,1,0,0,1,0,0,1,0,0,1,0,0,1,0,0,-1,0,0,-1,0,0,-1,0,0,-1,0,1,0,0,1,0,0,1,0,0,1,0,0,0,0,-1,0,0,-1,0,0,-1,0,0,-1,-1,0,0,-1,0,0,-1,0,0,-1,0,0,0,1,0,0,1,0,0,1,0,0,1,0,0,8.35064e-08,1,0,8.35064e-08,1,0,8.35064e-08,1,0,8.35064e-08,1,-1.07612e-07,4.34048e-08,1,-1.07612e-07,4.34048e-08,1,-1.07612e-07,4.34048e-08,1,-1.07612e-07,4.34048e-08,1,1.07612e-07,4.34048e-08,1,1.07612e-07,4.34048e-08,1,1.07612e-07,4.34048e-08,1,1.07612e-07,4.34048e-08,1,0,4.17347e-08,1,0,4.17347e-08,1,0,4.17347e-08,1,0,4.17347e-08,1,0,-1,0,0,-1,0,0,-1,0,0,-1,0,-1,1.74863e-08,0,-1,1.74863e-08,0,-1,1.74863e-08,0,-1,1.74863e-08,0,1,1.74863e-08,0,1,1.74863e-08,0,1,1.74863e-08,0,1,1.74863e-08,0]},"texCoord0":{"type":"float32","components":2,"data":[0.0957031,0.144531,0.0957031,0.144531,0.0957031,0.144531,0.0957031,0.144531,0.0957031,0.144531,0.0957031,0.144531,0.0957031,0.144531,0.0957031,0.144531,0.0957031,0.144531,0.0957031,0.144531,0.0957031,0.144531,0.0957031,0.144531,0.0957031,0.144531,0.0957031,0.144531,0.0957031,0.144531,0.0957031,0.144531,0.0957031,0.144531,0.0957031,0.144531,0.0957031,0.144531,0.0957031,0.144531,0.0957031,0.144531,0.0957031,0.144531,0.0957031,0.144531,0.0957031,0.144531,0.0957031,0.144531,0.0957031,0.144531,0.0957031,0.144531,0.0957031,0.144531,0.0957031,0.144531,0.0957031,0.144531,0.0957031,0.144531,0.0957031,0.144531,0.0957031,0.144531,0.0957031,0.144531,0.0957031,0.144531,0.0957031,0.144531,0.0957031,0.144531,0.0957031,0.144531,0.0957031,0.144531,0.0957031,0.144531,0.0957031,0.144531,0.0957031,0.144531,0.0957031,0.144531,0.0957031,0.144531,0.0957031,0.144531,0.0957031,0.144531,0.0957031,0.144531,0.0957031,0.144531,0.0957031,0.144531,0.0957031,0.144531,0.0957031,0.144531,0.0957031,0.144531,0.0957031,0.144531,0.0957031,0.144531,0.0957031,0.144531,0.0957031,0.144531,0.0957031,0.144531,0.0957031,0.144531,0.0957031,0.144531,0.0957031,0.144531,0.0957031,0.144531,0.0957031,0.144531,0.0957031,0.144531,0.0957031,0.144531,0.0957031,0.144531,0.0957031,0.144531,0.0957031,0.144531,0.0957031,0.144531,0.0957031,0.144531,0.0957031,0.144531,0.0957031,0.144531,0.0957031,0.144531,0.0957031,0.144531,0.0957031,0.144531,0.0957031,0.144531,0.0957031,0.144531,0.0957031,0.144531,0.0957031,0.144531,0.0957031,0.144531,0.0957031,0.144531,0.0957031,0.144531,0.0957031,0.144531,0.0957031,0.144531,0.0957031,0.144531,0.0957031,0.144531,0.0957031,0.144531,0.0957031,0.144531,0.0957031,0.144531,0.0957031,0.144531,0.0957031,0.144531,0.0957031,0.144531,0.0957031,0.144531,0.0957031,0.144531,0.0957031,0.144531,0.0957031,0.144531,0.0957031,0.144531,0.0957031,0.144531,0.0957031,0.144531,0.0957031,0.144531,0.0957031,0.144531,0.00630151,0.446058,0.38809,0.995004,0.00630151,0.995004,0.38809,0.446058,0.0957031,0.144531,0.0957031,0.144531,0.0957031,0.144531,0.0957031,0.144531,0.0957031,0.144531,0.0957031,0.144531,0.0957031,0.144531,0.0957031,0.144531,0.0957031,0.144531,0.0957031,0.144531,0.0957031,0.144531,0.0957031,0.144531]}}],"meshes":[{"aabb":{"min":[-0.807022,-1.31442,-0.143599],"max":[0.807022,1.30914,0.149859]},"vertices":0,"indices":[0,1,2,3,2,1,4,5,6,4,6,7,8,9,10,9,8,11,12,13,14,12,14,15,16,17,18,17,16,19,20,21,22,23,22,21,24,25,26,25,24,27,28,29,30,29,28,31,32,33,34,33,32,35,36,37,38,39,38,37,40,41,42,41,40,43,44,45,46,45,44,47,48,49,50,48,50,51,52,53,54,55,54,53,56,57,58,56,58,59,60,61,62,61,60,63,63,64,65,63,65,61,66,65,64,65,66,67,68,69,70,71,70,69,72,73,74,73,72,75,76,77,78,76,78,79,80,81,82,82,83,80,84,85,86,84,86,87,88,89,90,88,90,91,92,93,94,93,92,95,96,97,98,96,98,99,100,101,102,101,100,103,104,105,106,104,106,107,108,109,110,109,108,111,112,113,114,112,114,115],