{"model":{"version":3,"nodes":[{"name":"RootNode","position":[0,0,0],"rotation":[0,0,0],"scale":[1,1,1],"scaleCompensation":false},{"name":"Natures_Pot Bush_small","position":[-5.03266e-09,-6.15102e-09,-7.54899e-09],"rotation":[2.50448e-06,-0,0],"scale":[1,1,1],"scaleCompensation":false}],"parents":[-1,0],"skins":[],"morphs":[],"vertices":[{"position":{"type":"float32","components":3,"data":[-0.3,-0.345386,0.3,-0.364135,0.0546138,0.364135,-0.3,-0.345386,-0.3,-0.364135,0.0546137,-0.364135,0.3,-0.345386,-0.3,-0.3,-0.345386,-0.3,-0.364135,0.0546137,-0.364135,0.364135,0.0546137,-0.364135,0.364135,0.0546138,0.364135,0.3,-0.345386,-0.3,0.364135,0.0546137,-0.364135,0.3,-0.345386,0.3,-0.364135,0.0546138,0.364135,-0.3,-0.345386,0.3,0.364135,0.0546138,0.364135,0.3,-0.345386,0.3,0.3,-0.345386,0.3,-0.3,-0.345386,0.3,0.3,-0.345386,-0.3,-0.3,-0.345386,-0.3,-0.364135,0.0546138,0.364135,0.364135,0.0546138,0.364135,0.28007,0.0546138,0.28007,-0.28007,0.0546138,0.28007,0.28007,-0.0443805,0.28007,-0.28007,-0.0443805,0.28007,-0.28007,0.0546138,0.28007,0.28007,0.0546138,0.28007,0.364135,0.0546138,0.364135,0.364135,0.0546137,-0.364135,0.28007,0.0546137,-0.28007,0.28007,0.0546138,0.28007,0.364135,0.0546137,-0.364135,-0.364135,0.0546137,-0.364135,-0.28007,0.0546137,-0.28007,0.28007,0.0546137,-0.28007,-0.364135,0.0546137,-0.364135,-0.364135,0.0546138,0.364135,-0.28007,0.0546138,0.28007,-0.28007,0.0546137,-0.28007,-0.28007,-0.0443805,0.28007,0.28007,-0.0443805,0.28007,-0.28007,-0.0443806,-0.28007,0.28007,-0.0443806,-0.28007,0.28007,-0.0443805,0.28007,0.28007,0.0546137,-0.28007,0.28007,-0.0443806,-0.28007,0.28007,0.0546138,0.28007,-0.28007,-0.0443806,-0.28007,0.28007,0.0546137,-0.28007,-0.28007,0.0546137,-0.28007,0.28007,-0.0443806,-0.28007,-0.28007,-0.0443805,0.28007,-0.28007,0.0546137,-0.28007,-0.28007,0.0546138,0.28007,-0.28007,-0.0443806,-0.28007,-1.83212e-07,-0.104935,5.68236e-08,0.249975,0.0860304,0.181615,-0.0954802,0.0860304,0.293862,0.249975,0.0860304,0.181615,-1.83212e-07,-0.104935,5.68236e-08,0.249975,0.0860303,-0.181615,-1.83212e-07,-0.104935,5.68236e-08,-0.0954802,0.0860304,0.293862,-0.308989,0.0860304,4.01289e-08,-1.83212e-07,-0.104935,5.68236e-08,-0.308989,0.0860304,4.01289e-08,-0.0954802,0.0860303,-0.293862,-1.83212e-07,-0.104935,5.68236e-08,-0.0954802,0.0860303,-0.293862,0.249975,0.0860303,-0.181615,0.249975,0.0860304,0.181615,0.249975,0.0860303,-0.181615,0.308988,0.39502,1.31161e-08,-0.0954802,0.0860304,0.293862,0.249975,0.0860304,0.181615,0.0954799,0.39502,0.293862,-0.308989,0.0860304,4.01289e-08,-0.0954802,0.0860304,0.293862,-0.249975,0.39502,0.181615,-0.0954802,0.0860303,-0.293862,-0.308989,0.0860304,4.01289e-08,-0.249975,0.39502,-0.181615,0.249975,0.0860303,-0.181615,-0.0954802,0.0860303,-0.293862,0.0954799,0.39502,-0.293862,0.249975,0.0860304,0.181615,0.308988,0.39502,1.31161e-08,0.0954799,0.39502,0.293862,-0.0954802,0.0860304,0.293862,0.0954799,0.39502,0.293862,-0.249975,0.39502,0.181615,-0.308989,0.0860304,4.01289e-08,-0.249975,0.39502,0.181615,-0.249975,0.39502,-0.181615,-0.0954802,0.0860303,-0.293862,-0.249975,0.39502,-0.181615,0.0954799,0.39502,-0.293862,0.249975,0.0860303,-0.181615,0.0954799,0.39502,-0.293862,0.308988,0.39502,1.31161e-08,0.0954799,0.39502,0.293862,0.308988,0.39502,1.31161e-08,-1.83212e-07,0.585986,-3.5786e-09,-0.249975,0.39502,0.181615,0.0954799,0.39502,0.293862,-1.83212e-07,0.585986,-3.5786e-09,-0.249975,0.39502,-0.181615,-0.249975,0.39502,0.181615,-1.83212e-07,0.585986,-3.5786e-09,0.0954799,0.39502,-0.293862,-0.249975,0.39502,-0.181615,-1.83212e-07,0.585986,-3.5786e-09,0.308988,0.39502,1.31161e-08,0.0954799,0.39502,-0.293862,-1.83212e-07,0.585986,-3.5786e-09]},"normal":{"type":"float32","components":3,"data":[-0.987389,-0.158315,6.92312e-09,-0.987389,-0.158315,6.92312e-09,-0.987389,-0.158315,6.92312e-09,-0.987389,-0.158315,6.92312e-09,0,-0.158316,-0.987389,0,-0.158316,-0.987389,0,-0.158316,-0.987389,0,-0.158316,-0.987389,0.987389,-0.158315,6.92312e-09,0.987389,-0.158315,6.92312e-09,0.987389,-0.158315,6.92312e-09,0.987389,-0.158315,6.92312e-09,0,-0.158315,0.987389,0,-0.158315,0.987389,0,-0.158315,0.987389,0,-0.158315,0.987389,0,-1,0,0,-1,0,0,-1,0,0,-1,0,0,1,-9.45851e-08,0,1,-9.45852e-08,0,1,-9.45852e-08,0,1,-9.45851e-08,0,0,-1,0,0,-1,0,0,-1,0,0,-1,0,1,-9.45852e-08,0,1,-4.29933e-08,0,1,-4.29933e-08,0,1,-9.45852e-08,0,1,-4.29933e-08,0,1,-4.29932e-08,0,1,-4.29932e-08,0,1,-4.29933e-08,0,1,-4.29932e-08,0,1,-9.45851e-08,0,1,-9.45851e-08,0,1,-4.29932e-08,0,1,-9.49855e-08,0,1,-9.49855e-08,0,1,-9.49855e-08,0,1,-9.49855e-08,-1,0,0,-1,0,0,-1,0,0,-1,0,0,0,0,1,0,0,1,0,0,1,0,0,1,1,0,0,1,0,0,1,0,0,1,0,0,0.187597,-0.794651,0.577354,0.187597,-0.794651,0.577354,0.187597,-0.794651,0.577354,0.607065,-0.794652,9.78091e-08,0.607065,-0.794652,9.78091e-08,0.607065,-0.794652,9.78091e-08,-0.491122,-0.794652,0.356829,-0.491122,-0.794652,0.356829,-0.491122,-0.794652,0.356829,-0.491122,-0.794652,-0.356829,-0.491122,-0.794652,-0.356829,-0.491122,-0.794652,-0.356829,0.187597,-0.794651,-0.577354,0.187597,-0.794651,-0.577354,0.187597,-0.794651,-0.577354,0.982246,-0.187597,1.63013e-08,0.982246,-0.187597,1.63013e-08,0.982246,-0.187597,1.63013e-08,0.303535,-0.187589,0.934172,0.303535,-0.187589,0.934172,0.303535,-0.187589,0.934172,-0.794649,-0.187587,0.577359,-0.794649,-0.187587,0.577359,-0.794649,-0.187587,0.577359,-0.794649,-0.187587,-0.577359,-0.794649,-0.187587,-0.577359,-0.794649,-0.187587,-0.577359,0.303535,-0.187589,-0.934172,0.303535,-0.187589,-0.934172,0.303535,-0.187589,-0.934172,0.794649,0.187587,0.577359,0.794649,0.187587,0.577359,0.794649,0.187587,0.577359,-0.303535,0.187589,0.934172,-0.303535,0.187589,0.934172,-0.303535,0.187589,0.934172,-0.982246,0.187597,1.63013e-08,-0.982246,0.187597,1.63013e-08,-0.982246,0.187597,1.63013e-08,-0.303536,0.187589,-0.934172,-0.303536,0.187589,-0.934172,-0.303536,0.187589,-0.934172,0.794649,0.187587,-0.577359,0.794649,0.187587,-0.577359,0.794649,0.187587,-0.577359,0.491122,0.794652,0.356829,0.491122,0.794652,0.356829,0.491122,0.794652,0.356829,-0.187597,0.794651,0.577354,-0.187597,0.794651,0.577354,-0.187597,0.794651,0.577354,-0.607065,0.794652,0,-0.607065,0.794652,0,-0.607065,0.794652,0,-0.187597,0.794651,-0.577354,-0.187597,0.794651,-0.577354,-0.187597,0.794651,-0.577354,0.491122,0.794652,-0.356829,0.491122,0.794652,-0.356829,0.491122,0.794652,-0.356829]},"texCoord0":{"type":"float32","components":2,