{"model":{"version":3,"nodes":[{"name":"RootNode","position":[0,0,0],"rotation":[0,0,0],"scale":[1,1,1],"scaleCompensation":false},{"name":"Natures_Rock_small","position":[-5.54921,0.139338,-7.42617],"rotation":[2.50448e-06,-0,0],"scale":[1,1,1],"scaleCompensation":false}],"parents":[-1,0],"skins":[],"morphs":[],"vertices":[{"position":{"type":"float32","components":3,"data":[-0.604214,0.105603,0.164518,0.0455998,0.177702,0.470222,-0.226248,0.329754,0.00121834,-0.376175,0.105604,-0.419787,-0.604214,0.105603,0.164518,-0.226248,0.329754,0.00121834,0.557046,0.177701,-0.107757,0.167146,0.18835,-0.422279,-0.226248,0.329754,0.00121834,0.167146,0.18835,-0.422279,-0.376175,0.105604,-0.419787,-0.226248,0.329754,0.00121834,0.0455998,0.177702,0.470222,0.557046,0.177701,-0.107757,-0.226248,0.329754,0.00121834,0.0455998,0.177702,0.470222,0.489833,0.106514,0.293684,0.557046,0.177701,-0.107757,0.677104,-0.139339,-0.179534,0.418304,-0.139339,-0.472003,0.557046,0.177701,-0.107757,0.418304,-0.139339,-0.472003,0.167146,0.18835,-0.422279,0.557046,0.177701,-0.107757,-0.000442923,-0.139339,-0.583716,-0.376175,0.105604,-0.419787,0.167146,0.18835,-0.422279,-0.000442923,-0.139339,-0.583716,-0.419189,-0.139339,-0.472003,-0.376175,0.105604,-0.419787,-0.677989,-0.139339,-0.179534,-0.604214,0.105603,0.164518,-0.376175,0.105604,-0.419787,-0.677989,-0.139339,-0.179534,-0.677989,-0.139338,0.181971,-0.604214,0.105603,0.164518,-0.419189,-0.139338,0.47444,0.0455998,0.177702,0.470222,-0.604214,0.105603,0.164518,-0.419189,-0.139338,0.47444,-0.000442923,-0.139338,0.586153,0.0455998,0.177702,0.470222,0.418304,-0.139338,0.47444,0.489833,0.106514,0.293684,0.0455998,0.177702,0.470222,0.418304,-0.139338,0.47444,0.677104,-0.139338,0.181971,0.489833,0.106514,0.293684,0.677104,-0.139338,0.181971,0.557046,0.177701,-0.107757,0.489833,0.106514,0.293684,0.418304,-0.139339,-0.472003,-0.000442923,-0.139339,-0.583716,0.167146,0.18835,-0.422279,-0.419189,-0.139339,-0.472003,-0.677989,-0.139339,-0.179534,-0.376175,0.105604,-0.419787,-0.677989,-0.139338,0.181971,-0.419189,-0.139338,0.47444,-0.604214,0.105603,0.164518,-0.000442923,-0.139338,0.586153,0.418304,-0.139338,0.47444,0.0455998,0.177702,0.470222,0.677104,-0.139338,0.181971,0.677104,-0.139339,-0.179534,0.557046,0.177701,-0.107757,-0.419189,-0.139339,-0.472003,-0.419189,-0.139338,0.47444,-0.677989,-0.139339,-0.179534,-0.000442923,-0.139339,-0.583716,0.418304,-0.139338,0.47444,0.677104,-0.139339,-0.179534,0.677104,-0.139338,0.181971,-0.000442923,-0.139338,0.586153,0.418304,-0.139339,-0.472003,-0.677989,-0.139338,0.181971]},"normal":{"type":"float32","components":3,"data":[-0.304364,0.840197,0.448811,-0.304364,0.840197,0.448811,-0.304364,0.840197,0.448811,-0.566354,0.79397,-0.221032,-0.566354,0.79397,-0.221032,-0.566354,0.79397,-0.221032,0.164724,0.971348,-0.171315,0.164724,0.971348,-0.171315,0.164724,0.971348,-0.171315,-0.138077,0.893793,-0.426696,-0.138077,0.893793,-0.426696,-0.138077,0.893793,-0.426696,0.212292,0.95898,0.187853,0.212292,0.95898,0.187853,0.212292,0.95898,0.187853,0.234711,0.949618,0.207692,0.234711,0.949618,0.207692,0.234711,0.949618,0.207692,0.687083,0.397833,-0.607985,0.687083,0.397833,-0.607985,0.687083,0.397833,-0.607985,0.545546,0.518098,-0.658752,0.545546,0.518098,-0.658752,0.545546,0.518098,-0.658752,-0.0758527,0.47161,-0.878539,-0.0758527,0.47161,-0.878539,-0.0758527,0.47161,-0.878539,-0.249995,0.243665,-0.937086,-0.249995,0.243665,-0.937086,-0.249995,0.243665,-0.937086,-0.730538,0.620505,-0.285109,-0.730538,0.620505,-0.285109,-0.730538,0.620505,-0.285109,-0.957511,0.288397,-7.04962e-08,-0.957511,0.288397,-7.04962e-08,-0.957511,0.288397,-7.04962e-08,-0.396302,0.590345,0.703163,-0.396302,0.590345,0.703163,-0.396302,0.590345,0.703163,-0.240086,0.363946,0.899945,-0.240086,0.363946,0.899945,-0.240086,0.363946,0.899945,0.390052,0.469075,0.792356,0.390052,0.469075,0.792356,0.390052,0.469075,0.792356,0.72313,0.260067,0.639882,0.72313,0.260067,0.639882,0.72313,0.260067,0.639882,0.821723,0.521396,0.23004,0.821723,0.521396,0.23004,0.821723,0.521396,0.23004,0.243731,0.325443,-0.913609,0.243731,0.325443,-0.913609,0.243731,0.325443,-0.913609,-0.722501,0.263166,-0.639325,-0.722501,0.263166,-0.639325,-0.722501,0.263166,-0.639325,-0.7225,0.263167,0.639325,-0.7225,0.263167,0.639325,-0.7225,0.263167,0.639325,0.245793,0.301205,0.921337,0.245793,0.301205,0.921337,0.245793,0.301205,0.921337,0.935192,0.354141,-8.73922e-08,0.935192,0.354141,-8.73922e-08,0.935192,0.354141,-8.73922e-08,0,-1,2.25094e-07,0,-1,2.25094e-07,0,-1,2.25094e-07,0,-1,2.25094e-07,0,-1,2.25094e-07,0,-1,2.25094e-07,0,-1,2.25094e-07,0,-1,2.25094e-07,0,-1,2.25094e-07,0,-1,2.25094e-07]},"texCoord0":{"type":"float32","components":2,"data":[0.695255,0.490673,0.745255,0.507542,0.728542,0.52396,0.695255,0.490673,0.745255,0.490673,0.745255,0.540673,0.711967,0.490673,0.745255,0.490673,0.728385,0.507091,0.695255,0.490673,0.745255,0.490673,0.745255,0.540673,0.695255,0.490673,0.745255,0.490673,0.728385,0.507091,0.695255,0.490673,0.745255,0.490673,0.745255,0.516012,0.695255,0.490673,0.745255,0.490673,0.745255,0.540673,0.695255,0.490673,0.745255,0.516011,0.745255,0.540673,0.695255,0.490673,0.745255,0.490673,0.745255,0.540673,0.695255,0.490673,0.745255,0.490673,0.745255,0.516012,0.695255,0.490673,0.745255,0.490673,0.745255,0.540673,0.695255,0.490673,0.745255,0.490673,0.745255,0.516011,0.695255,0.490673,0.745255,0.507542,0.745255,0.540673,0.695255,0.490673,0.745255,0.490673,0.745255,0.524254,0.695255,0.490673,0.745255,0.490673,0.745255,0.540673,0.695255,0.490673,0.745255,0.490673,0.745255,0.540673,0.695255,0.490673,0.745255,0.516012,0.745255,0.540673,0.695255,0.490673,0.745255,0.490673,0.745255,0.540673,0.695255,0.490673,0.745255,0.490673,0.745255,0.540673,0.695255,0.490673,0.745255,0.490673,0.745255,0.540673,0.695255,0.490673,0.745255,0.490673,0.745255,0.540673,0.695255,0.490673,0.745255,0.490673,0.745255,0.52396,0.696478,0.507947,0.734949,0.495447,0.70556,0.495447,0.696478,0.523398,0.744031,0.523398,0.720255,0.540673,0.734949,0.535898,0.744031,0.507947,0.70556,0.535898,0.720255,0.490673]}}],"meshes":[{"aabb":{"min":[-0.677989,-0.139339,-0.583716],"max":[0.677104,0.329754,0.586153]},"vertices":0,"indices":[0,1,2,3,4,5,6,7,8,9,10,11,12,13,14,15,16,17,18,19,20,21,22,23,24,25,26,27,28,29,30,31,32,33,34,35,36,37,38,39,40,41,42,43,44,45,46,47,48,49,50,51,52,53,54,55,56,57,58,59,60,61,62,63,64,65,66,67,68,69,67,66,70,71,72,73,69,70,70,74,71,67,69,73,68,67,75,74,70,69],"type":"triangles","base":0,"count":90}],"meshInstances":[{"node":1,"mesh":0}]}}