{"model":{"version":3,"nodes":[{"name":"RootNode","position":[0,0,0],"rotation":[0,0,0],"scale":[1,1,1],"scaleCompensation":false},{"name":"Props_Traffic Sign_speed limit","position":[11.1707,1.72857,0.000362668],"rotation":[2.50448e-06,-0,0],"scale":[1,1,1],"scaleCompensation":false}],"parents":[-1,0],"skins":[],"morphs":[],"vertices":[{"position":{"type":"float32","components":3,"data":[-0.342441,0.652191,-0.0334844,-0.342441,-0.0318086,-0.0334844,-0.342441,0.652191,0.0337996,-0.342441,-0.0318086,0.0337996,0.342389,-0.0318086,-0.0334844,-0.342441,-0.0318086,-0.0334844,-0.342441,0.652191,-0.0334844,0.342389,0.652191,-0.0334844,0.342389,0.652191,0.0337996,0.342389,-0.0318086,-0.0334844,0.342389,0.652191,-0.0334844,0.342389,-0.0318086,0.0337996,-0.342441,0.652191,0.0337996,-0.342441,-0.0318086,0.0337996,0.342389,0.652191,0.0337996,0.342389,-0.0318086,0.0337996,-0.342441,-0.0318086,-0.0334844,0.342389,-0.0318086,-0.0334844,-0.342441,-0.0318086,0.0337996,0.342389,-0.0318086,0.0337996,0.342389,0.652191,-0.0334844,-0.342441,0.652191,-0.0334844,0.342389,0.652191,0.0337996,-0.342441,0.652191,0.0337996,-0.0299397,0.28625,-0.0303627,-0.0299397,-1.71375,-0.0303626,-0.0299397,0.28625,0.0296373,-0.0299397,-1.71375,0.0296374,-0.0299397,-1.71375,-0.0303626,-0.0299397,0.28625,-0.0303627,0.0300603,-1.71375,-0.0303626,0.0300603,0.28625,-0.0303627,0.0300603,0.28625,0.0296373,0.0300603,-1.71375,-0.0303626,0.0300603,0.28625,-0.0303627,0.0300603,-1.71375,0.0296374,-0.0299397,-1.71375,0.0296374,0.0300603,0.28625,0.0296373,-0.0299397,0.28625,0.0296373,0.0300603,-1.71375,0.0296374,0.0300603,-1.71375,0.0296374,-0.0299397,-1.71375,0.0296374,0.0300603,-1.71375,-0.0303626,-0.0299397,-1.71375,-0.0303626,-0.0299397,0.28625,0.0296373,0.0300603,0.28625,0.0296373,-0.0299397,0.28625,-0.0303627,0.0300603,0.28625,-0.0303627]},"normal":{"type":"float32","components":3,"data":[-1,0,0,-1,0,0,-1,0,0,-1,0,0,0,-4.35706e-08,-1,0,-4.35706e-08,-1,0,-4.35706e-08,-1,0,-4.35706e-08,-1,1,0,0,1,0,0,1,0,0,1,0,0,0,4.35706e-08,1,0,4.35706e-08,1,0,4.35706e-08,1,0,4.35706e-08,1,0,-1,0,0,-1,0,0,-1,0,0,-1,0,0,1,0,0,1,0,0,1,0,0,1,0,-1,0,0,-1,0,0,-1,0,0,-1,0,0,0,-4.28408e-08,-1,0,-4.28408e-08,-1,0,-4.28408e-08,-1,0,-4.28408e-08,-1,1,0,0,1,0,0,1,0,0,1,0,0,0,4.28408e-08,1,0,4.28408e-08,1,0,4.28408e-08,1,0,4.28408e-08,1,0,-1,0,0,-1,0,0,-1,0,0,-1,0,0,1,0,0,1,0,0,1,0,0,1,0]},"texCoord0":{"type":"float32","components":2,"data":[0.0742244,0.221152,0.0742244,0.0694188,0.0742244,0.221152,0.0742244,0.0694188,0.229476,0.169511,0.223233,0.169511,0.223233,0.175747,0.229476,0.175747,0.226141,0.221152,0.226141,0.0694188,0.226141,0.221152,0.226141,0.0694188,0.0742244,0.221152,0.0742244,0.0694188,0.226141,0.221152,0.226141,0.0694188,0.0742244,0.0694188,0.226141,0.0694188,0.0742244,0.0694188,0.226141,0.0694188,0.226141,0.221152,0.0742244,0.221152,0.226141,0.221152,0.0742244,0.221152,0.525,0.475,0.525,0.525,0.475,0.475,0.475,0.525,0.475,0.525,0.475,0.475,0.525,0.525,0.525,0.475,0.525,0.475,0.475,0.525,0.475,0.475,0.525,0.525,0.525,0.525,0.475,0.475,0.525,0.475,0.475,0.525,0.475,0.525,0.475,0.475,0.525,0.525,0.525,0.475,0.475,0.525,0.475,0.475,0.525,0.525,0.525,0.475]}}],"meshes":[{"aabb":{"min":[-0.342441,-1.71375,-0.0334844],"max":[0.342389,0.652191,0.0337996]},"vertices":0,"indices":[0,1,2,3,2,1,4,5,6,4,6,7,8,9,10,9,8,11,12,13,14,14,13,15,16,17,18,19,18,17,20,21,22,23,22,21,24,25,26,27,26,25,28,29,30,30,29,31,32,33,34,33,32,35,36,37,38,37,36,39,40,41,42,41,43,42,44,45,46,45,47,46],"type":"triangles","base":0,"count":72}],"meshInstances":[{"node":1,"mesh":0}]}}