{"model":{"version":3,"nodes":[{"name":"RootNode","position":[0,0,0],"rotation":[0,0,0],"scale":[1,1,1],"scaleCompensation":false},{"name":"Natures_Bush_01","position":[13.2716,1.71395,-0.00135371],"rotation":[2.50448e-06,-0,0],"scale":[1,1,1],"scaleCompensation":false}],"parents":[-1,0],"skins":[],"morphs":[],"vertices":[{"position":{"type":"float32","components":3,"data":[-0.270543,-0.779294,0.188071,-0.32792,-0.645176,-0.266988,0.110396,-0.899563,-0.0915852,-0.270543,-0.779294,0.188071,-0.686813,-0.00557375,0.00135369,-0.32792,-0.645176,-0.266988,-0.686813,-0.00557375,0.00135369,-0.528484,0.459456,-0.444822,-0.32792,-0.645176,-0.266988,0.110396,-0.899563,-0.0915852,-0.112656,-0.113942,-0.650777,0.389599,-0.563405,-0.319424,-0.112656,-0.113942,-0.650777,0.0362461,1.0955,-0.455562,0.338382,0.322889,-0.57731,0.338382,0.322889,-0.57731,0.628851,0.318913,-0.223616,0.389599,-0.563405,-0.319424,0.061488,1.07416,0.465805,-0.514613,0.100852,0.428106,-0.117186,-0.231358,0.641049,-0.420776,1.09078,0.194832,0.338382,0.322889,-0.57731,0.0362461,1.0955,-0.455562,0.628851,0.318913,-0.223616,0.392473,1.15395,-0.0645068,0.061488,1.07416,0.465805,-0.0745204,1.35739,-0.0484364,-0.420776,1.09078,0.194832,-0.420776,1.09078,0.194832,-0.0745204,1.35739,-0.0484364,-0.528484,0.459456,-0.444822,-0.514613,0.100852,0.428106,-0.420776,1.09078,0.194832,-0.686813,-0.00557375,0.00135369,-0.686813,-0.00557375,0.00135369,-0.420776,1.09078,0.194832,-0.528484,0.459456,-0.444822,-0.528484,0.459456,-0.444822,-0.0745204,1.35739,-0.0484364,0.0362461,1.0955,-0.455562,0.110396,-0.899563,-0.0915852,-0.32792,-0.645176,-0.266988,-0.112656,-0.113942,-0.650777,-0.32792,-0.645176,-0.266988,-0.528484,0.459456,-0.444822,-0.112656,-0.113942,-0.650777,-0.112656,-0.113942,-0.650777,-0.528484,0.459456,-0.444822,0.0362461,1.0955,-0.455562,0.389599,-0.563405,-0.319424,-0.112656,-0.113942,-0.650777,0.338382,0.322889,-0.57731,0.392473,1.15395,-0.0645068,0.0362461,1.0955,-0.455562,-0.0745204,1.35739,-0.0484364,0.389599,-0.563405,-0.319424,0.628851,0.318913,-0.223616,0.411778,-0.577541,0.312015,0.628851,0.318913,-0.223616,0.392473,1.15395,-0.0645068,0.596467,0.651836,0.214137,0.110396,-0.899563,-0.0915852,0.389599,-0.563405,-0.319424,0.411778,-0.577541,0.312015,0.411778,-0.577541,0.312015,0.628851,0.318913,-0.223616,0.596467,0.651836,0.214137,0.330831,0.318913,0.58149,0.596467,0.651836,0.214137,0.061488,1.07416,0.465805,0.596467,0.651836,0.214137,0.392473,1.15395,-0.0645068,0.061488,1.07416,0.465805,0.061488,1.07416,0.465805,0.392473,1.15395,-0.0645068,-0.0745204,1.35739,-0.0484364,0.411778,-0.577541,0.312015,0.596467,0.651836,0.214137,0.330831,0.318913,0.58149,0.411778,-0.577541,0.312015,0.330831,0.318913,0.58149,-0.117186,-0.231358,0.641049,0.110396,-0.899563,-0.0915852,0.411778,-0.577541,0.312015,-0.270543,-0.779294,0.188071,-0.117186,-0.231358,0.641049,0.330831,0.318913,0.58149,0.061488,1.07416,0.465805,-0.270543,-0.779294,0.188071,0.411778,-0.577541,0.312015,-0.117186,-0.231358,0.641049,-0.270543,-0.779294,0.188071,-0.117186,-0.231358,0.641049,-0.514613,0.100852,0.428106,-0.270543,-0.779294,0.188071,-0.514613,0.100852,0.428106,-0.686813,-0.00557375,0.00135369,0.0866991,-0.71395,-0.0486463,0.211235,-1.71395,-0.120547,9.65273e-05,-1.71395,-0.242448,9.65244e-05,-0.71395,-0.0986463,0.0866991,-0.71395,0.0513537,0.211235,-1.71395,0.123255,0.211235,-1.71395,-0.120547,0.0866991,-0.71395,-0.0486463,9.6506e-05,-1.71395,0.245156,0.0866991,-0.71395,0.0513537,9.65157e-05,-0.71395,0.101354,0.211235,-1.71395,0.123255,-0.086506,-0.71395,0.0513537,9.6506e-05,-1.71395,0.245156,9.65157e-05,-0.71395,0.101354,-0.211042,-1.71395,0.123255,9.65244e-05,-0.71395,-0.0986463,9.65157e-05,-0.71395,0.101354,0.0866991,-0.71395,0.0513537,0.0866991,-0.71395,-0.0486463,-0.086506,-0.71395,0.0513537,-0.086506,-0.71395,-0.0486463,9.65273e-05,-1.71395,-0.242448,-0.086506,-0.71395,-0.0486463,9.65244e-05,-0.71395,-0.0986463,-0.211042,-1.71395,-0.120547,-0.086506,-0.71395,0.0513537,-0.211042,-1.71395,-0.120547,-0.211042,-1.71395,0.123255,-0.086506,-0.71395,-0.0486463,9.6506e-05,-1.71395,0.245156,0.211235,-1.71395,-0.120547,0.211235,-1.71395,0.123255,9.65273e-05,-1.71395,-0.242448,-0.211042,-1.71395,-0.120547,-0.211042,-1.71395,0.123255]},"normal":{"type":"float32","components":3,"data":[-0.428515,-0.879901,-0.205302,-0.428515,-0.879901,-0.205302,-0.428515,-0.879901,-0.205302,-0.877116,-0.479299,-0.0306703,-0.877116,-0.479299,-0.0306703,-0.877116,-0.479299,-0.0306703,-0.813864,-0.233433,-0.532104,-0.813864,-0.233433,-0.532104,-0.813864,-0.233433,-0.532104,0.0249558,-0.574994,-0.817777,0.0249558,-0.574994,-0.817777,0.0249558,-0.574994,-0.817777,0.0073524,0.15846,-0.987338,0.0073524,0.15846,-0.987338,0.0073524,0.15846,-0.987338,0.764531,-0.138965,-0.629429,0.764531,-0.138965,-0.629429,0.764531,-0.138965,-0.629429,-0.407389,0.206679,0.889561,-0.407389,0.206679,0.889561,-0.407389,0.206679,0.889561,-0.407389,0.206679,0.889561,0.696571,0.343388,-0.629979,0.696571,0.343388,-0.629979,0.696571,0.343388,-0.629979,0.696571,0.343388,-0.629979,-0.262936,0.814032,0.517896,-0.262936,0.814032,0.517896,-0.262936,0.814032,0.517896,-0.720343,0.55047,-0.422006,-0.720343,0.55047,-0.422006,-0.720343,0.55047,-0.422006,-0.92812,0.166449,0.332999,-0.92812,0.166449,0.332999,-0.92812,0.166449,0.332999,-0.964978,0.248822,-0.0830946,-0.964978,0.248822,-0.0830946,-0.964978,0.248822,-0.0830946,-0.637664,0.557186,-0.53191,-0.637664,0.557186,-0.53191,-0.637664,0.557186,-0.53191,-0.0125807,-0.58221,-0.812941,-0.0125807,-0.58221,-0.812941,-0.0125807,-0.58221,-0.812941,-0.671972,-0.235067,-0.70228,-0.671972,-0.235067,-0.70228,-0.671972,-0.235067,-0.70228,-0.223254,0.182053,-0.957609,-0.223254,0.182053,-0.957609,-0.223254,0.182053,-0.957609,0.376898,-0.238635,-0.894987,0.376898,-0.238635,-0.894987,0.376898,-0.238635,-0.894987,0.346061,0.829079,-0.439169,0.346061,0.829079,-0.439169,0.346061,0.829079,-0.439169,0.965466,-0.25749,-0.0396762,0.965466,-0.25749,-0.0396762,0.965466,-0.25749,-0.0396762,0.942282,0.296406,-0.155717,0.942282,0.296406,-0.155717,0.942282,0.296406,-0.155717,0.754722,-0.654751,-0.0411677,0.754722,-0.654751,-0.0411677,0.754722,-0.654751,-0.0411677,0.975889,-0.132818,0.173205,0.975889,-0.132818,0.173205,0.975889,-0.132818,0.173205,0.600764,0.326055,0.729912,0.600764,0.326055,0.729912,0.600764,0.326055,0.729912,0.669138,0.549491,0.500314,0.669138,0.549491,0.500314,0.669138,0.549491,0.500314,0.382201,0.848419,0.366208,0.382201,0.848419,0.366208,0.382201,0.848419,0.366208,0.842104,-0.0840963,0.532718,0.842104,-0.0840963,0.532718,0.842104,-0.0840963,0.532718,0.400815,-0.230358,0.886726,0.400815,-0.230358,0.886726,0.400815,-0.230358,0.886726,0.143551,-0.823065,0.549507,0.143551,-0.823065,0.549507,0.143551,-0.823065,0.549507,-0.0379869,0.138049,0.989697,-0.0379869,0.138049,0.989697,-0.0379869,0.138049,0.989697,0.0521968,-0.644931,0.762456,0.0521968,-0.644931,0.762456,0.0521968,-0.644931,0.762456,-0.657114,-0.362469,0.660921,-0.657114,-0.362469,0.660921,-0.657114,-0.362469,0.660921,-0.836255,-0.347564,0.424118,-0.836255,-0.347564,0.424118,-0.836255,-0.347564,0.424118,0.496167,0.123581,-0.859387,0.496167,0.123581,-0.859387,0.496167,0.123581,-0.859387,0.496167,0.123581,-0.859387,0.992334,0.123582,8.60201e-08,0.992334,0.123582,8.60201e-08,0.992334,0.123582,8.60201e-08,0.992334,0.123582,8.60201e-08,0.496167,0.123582,0.859387,0.496167,0.123582,0.859387,0.496167,0.123582,0.859387,0.496167,0.123582,0.859387,-0.496167,0.123582,0.859387,-0.496167,0.123582,0.859387,-0.496167,0.123582,0.859387,-0.496167,0.123582,0.859387,0,1,1.43386e-07,0,1,1.43386e-07,0,1,1.43386e-07,0,1,1.43386e-07,0,1,1.43386e-07,0,1,1.43386e-07,-0.496167,0.123581,-0.859387,-0.496167,0.123581,-0.859387,-0.496167,0.123581,-0.859387,-0.496167,0.123581,-0.859387,-0.992334,0.123582,0,-0.992334,0.123582,0,-0.992334,0.123582,0,-0.992334,0.123582,0,0,-1,3.8597e-07,0,-1,3.8597e-07,0,-1,3.8597e-07,0,-1,3.8597e-07,0,-1,3.8597e-07,0,-1,3.8597e-07]},"texCoord0":{"type":"float32","components":2,