{"model":{"version":3,"nodes":[{"name":"RootNode","position":[0,0,0],"rotation":[0,0,0],"scale":[0.0254,0.0254,0.0254],"scaleCompensation":false},{"name":"Box003","position":[0.015625,0.725841,0.577803],"rotation":[9.33467e-06,-0,0],"scale":[1,1,1],"scaleCompensation":false}],"parents":[-1,0],"skins":[],"morphs":[],"vertices":[{"position":{"type":"float32","components":3,"data":[-38.1872,-6.19679,-24.9566,-29.4073,-10.2132,-26.5582,-38.1295,-10.2132,-24.8943,-25.0462,-4.19509,-27.3902,-6.70401,-10.1912,-24.8863,-18.932,-10.2132,-26.5582,-0.589081,-4.19509,-24.0623,12.5158,-5.896,-24.0456,3.7837,-10.133,-24.0702,12.5273,-9.90683,-24.0623,-36.2359,8.34546,-24.8943,-31.281,11.4659,-26.5147,-38.0695,0.508933,-24.8319,-12.7022,11.4235,-24.2477,-22.4251,12.2505,-26.6018,-1.7702,11.4063,-24.8333,11.7035,0.601663,-24.079,12.878,7.97509,-24.0412,-38.1883,-6.19671,20.2729,-29.4073,-10.2132,22.1022,-25.0462,-4.19509,23.048,-38.1295,-10.2132,20.2105,-6.70415,-10.1885,20.2017,-0.589081,-4.19509,19.2647,-18.932,-10.2132,22.1022,12.5158,-5.896,19.248,3.78384,-10.1357,19.2736,12.5273,-9.90683,19.2647,-36.2359,8.34546,20.2105,-38.0684,0.50885,20.1481,-31.281,11.4655,22.0586,-12.7052,11.4159,19.5586,-22.4252,12.2509,22.1457,-1.76664,11.4155,20.0422,11.7035,0.601663,19.2814,12.878,7.97509,19.2437,-25.0462,-12.2192,-2.39877,-45.3592,-12.2192,-8.23064,-39.5755,-12.2192,-19.0624,-30.8533,-12.2192,-20.7264,-6.70274,-12.2411,-19.0703,-0.589081,-12.2192,-2.39877,-18.932,-12.2192,-20.7264,14.1959,-11.9129,-18.6464,24.6105,-11.9129,-7.81465,5.45096,-12.0952,-18.6385,-39.5755,-12.2192,14.3218,-45.3592,-12.2192,3.49001,-30.8533,-12.2192,16.2134,-6.70259,-12.2438,14.3306,-18.932,-12.2192,16.2134,24.6105,-11.9129,3.01711,14.1959,-11.9129,13.8489,5.45082,-12.0925,13.84,30.6512,-9.80471,-7.81465,25.3357,-9.80471,-17.2938,30.6512,-5.79266,-7.81465,25.3472,-5.79143,-17.3105,30.1853,-0.0717825,-7.81465,26.0835,7.30321,-17.3148,27.8615,11.1825,-2.39877,24.8583,-0.0730081,-17.2771,20.2366,-9.80471,13.8489,30.6512,-5.79266,3.01711,20.2481,-5.79143,13.8656,30.6512,-9.80471,3.01711,20.9843,7.30321,13.8699,19.7592,-0.0730083,13.8322,30.1853,-0.0717825,3.01711,27.8615,11.1825,-2.39877,-14.4561,17.1784,-8.23064,-24.0195,17.5491,-20.6828,-28.8097,17.8073,-2.39877,-14.5156,17.3227,-19.3222,-37.6795,13.0538,-19.0624,-43.4632,13.0538,-8.23064,-32.736,16.2714,-20.7699,-24.0194,17.5487,16.1699,-14.5144,17.3256,14.5835,-14.4561,17.1784,3.49001,-32.736,16.2718,16.2569,-37.6795,13.0538,14.3218,-43.4632,13.0538,3.49001,-50.2206,-0.278991,-7.81465,-48.3294,7.55321,-7.81465,-42.5456,7.55321,-18.6464,-44.4946,-0.274664,-18.7087,-51.1663,-6.20112,-7.81465,-45.3248,-6.20544,-18.5841,-51.1663,-10.2132,-7.81465,-45.3825,-10.2132,-18.6464,-42.5456,7.55321,13.8489,-50.2206,-0.27899,3.01711,-44.4957,-0.27458,13.9113,-48.3294,7.55321,3.01711,-45.3237,-6.20553,13.7865,-51.1663,-10.2132,3.01711,-45.3825,-10.2132,13.8489,-51.1663,-6.20112,3.01711,-0.753401,23.3997,-20.8492,12.6288,15.5233,-24.0834,-1.68878,18.086,-23.2699,13.732,22.8844,-20.8492,-9.11304,19.4056,-7.81465,-7.99608,24.2792,-15.4333,-9.20657,19.6322,-19.0545,-7.43759,26.716,-2.39877,-7.99608,24.2792,13.8489,-9.11304,19.4056,3.01711,-9.20474,19.6372,14.2607,-0.7534,23.3997,18.2465,12.6288,15.5233,19.2858,13.732,22.8844,18.2465,-1.69241,18.0765,18.4656,22.1801,22.0598,13.8489,21.0493,14.6983,13.8278,30.0954,25.905,-2.39877,27.2792,22.0598,-14.0807,26.1484,14.6983,-17.2727,-38.1295,-10.2132,-24.8943,-29.4073,-10.2132,-26.5582,-51.1663,-10.2132,-7.81465,-45.3825,-10.2132,-18.6464,-45.3825,-10.2132,-18.6464,-45.3248,-6.20544,-18.5841,-18.932,-10.2132,-26.5582,-6.70401,-10.1912,-24.8863,12.5273,-9.90683,-24.0623,3.7837,-10.133,-24.0702,25.3357,-9.80471,-17.2938,25.3472,-5.79143,-17.3105,25.3357,-9.80471,-17.2938,30.6512,-9.80471,-7.81465,-42.5456,7.55321,-18.6464,-44.4946,-0.274664,-18.7087,24.8583,-0.0730081,-17.2771,26.0835,7.30321,-17.3148,-42.5456,7.55321,-18.6464,-48.3294,7.55321,-7.81465,-31.281,11.4659,-26.5147,-36.2359,8.34546,-24.8943,-22.4251,12.2505,-26.6018,-12.7022,11.4235,-24.2477,-9.11304,19.4056,-7.81465,-9.20657,19.6322,-19.0545,-7.99608,24.2792,-15.4333,-9.20657,19.6322,-19.0545,-14.5156,17.3227,-19.3222,26.1484,14.6983,-17.2727,27.2792,22.0598,-14.0807,-38.1295,-10.2132,20.2105,-29.4073,-10.2132,22.1022,-45.3237,-6.20553,13.7865,-45.3825,-10.2132,13.8489,-45.3825,-10.2132,13.8489,-51.1663,-10.2132,3.01711,-6.70415,-10.1885,20.2017,-18.932,-10.2132,22.1022,12.5273,-9.90683,19.2647,3.78384,-10.1357,19.2736,20.2366,-9.80471,13.8489,30.6512,-9.80471,3.01711,-42.5456,7.55321,13.8489,-44.4957,-0.27458,13.9113,-36.2359,8.34546,20.2105,-31.281,11.4655,22.0586,-42.5456,7.55321,13.8489,-48.3294,7.55321,3.01711,-22.4252,12.2509,22.1457,-12.7052,11.4159,19.5586,-7.99608,24.2792,13.8489,-9.20474,19.6372,14.2607,-9.20474,19.6372,14.2607,-9.11304,19.4056,3.01711,-14.5144,17.3256,14.5835,20.9843,7.30321,13.8699,21.0493,14.6983,13.8278,22.1801,22.0598,13.8489,30.6512,-5.79266,3.01711,30.6512,-9.80471,3.01711,30.1853,-0.0717825,3.01711,27.2792,22.0598,-14.0807,22.2645,25.6855,-19.4923,30.0954,25.905,-2.39877,13.732,22.8844,-20.8492,-5.53189,26.716,-16.7884,-0.753401,23.3997,-20.8492,22.2645,25.6855,-19.4923,27.2792,22.0598,-14.0807,13.732,22.8844,-20.8492,-7.99608,24.2792,-15.4333,-7.43759,26.716,-2.39877,-5.53189,26.716,-16.7884,-7.99608,24.2792,13.8489,-3.64052,26.716,13.8278,13.732,22.8844,18.2465,17.9848,25.6855,14.098,-0.7534,23.3997,18.2465,22.1801,22.0598,13.8489,17.9848,25.6855,14.098]},"normal":{"type":"float32","components":3,